Mean Pooling (FlatL2),PCA + FlatL2,Product Quantization (PQ),DCT Fingerprinting,TEA Alphabet,Knowledge Distillation (BiLSTM)
3.8026811089366674,6.9148249458521605,6.90533802844584,1.0169560555368662,21.15130703896284,23.658445104956627
2.822074107825756,0.41945488192141056,0.4617141094058752,0.22477610036730766,0.6502720061689615,1.0553589090704918
2.591497963294387,0.31264196150004864,0.4142140969634056,0.19220379181206226,0.7387490477412939,1.5390838962048292
2.4581460747867823,0.26424089446663857,0.35586394369602203,0.18335692584514618,0.5567849148064852,0.9840531274676323
2.4620131589472294,0.2549330238252878,0.35810796543955803,0.1325008925050497,0.5414648912847042,0.9679840877652168
2.4287099950015545,0.2543011214584112,0.35464181564748287,0.14235894195735455,0.5776139441877604,1.0861670598387718
2.5075089652091265,0.28695305809378624,0.4008389078080654,0.17751683481037617,0.8923199493438005,1.7650530207902193
2.474586945027113,0.26675499975681305,0.3797889221459627,0.16778800636529922,0.7260751444846392,1.522111939266324
2.4925600737333298,0.24402211420238018,0.34465291537344456,0.13814098201692104,0.562645960599184,1.0252119973301888
2.4847150780260563,0.2641601022332907,0.3711329773068428,0.16389996744692326,0.7311049848794937,1.55680812895298
2.463736105710268,0.26082410477101803,0.3640290815383196,0.1623381394892931,0.6943249609321356,1.4891710598021746
2.423360012471676,0.25510299019515514,0.35239686258137226,0.17703603953123093,0.6472461391240358,1.3214529026299715
2.399495104327798,0.2261779736727476,0.32463506795465946,0.1566559076309204,0.45756716281175613,0.7655101362615824
2.5578842032700777,0.2786479890346527,0.37587201222777367,0.17976993694901466,0.7820308674126863,1.699297921732068
2.453175839036703,0.23575592786073685,0.3429299686104059,0.13387296348810196,0.5714220460504293,1.0946530383080244
2.484726021066308,0.23169908672571182,0.3374891821295023,0.12289313599467278,0.5283399950712919,0.9964369237422943
2.4738439824432135,0.24020508863031864,0.3443518653512001,0.12988620437681675,0.5739058833569288,1.1091099586337805
2.448796993121505,0.24344096891582012,0.3517961595207453,0.14765909872949123,0.5879229865968227,1.1467908043414354
2.4123378098011017,0.2881160471588373,0.4078920464962721,0.2043270505964756,0.8281690534204245,2.188815036788583
2.338899066671729,0.21747197024524212,0.32696896232664585,0.13979501090943813,0.4659618716686964,0.8332079742103815
2.4780030362308025,0.2734479494392872,0.3824438899755478,0.17875898629426956,0.8351909928023815,1.8376198131591082
2.404324011877179,0.26093400083482265,0.3710531163960695,0.16518309712409973,0.5911700427532196,1.6211899928748608
2.386600011959672,0.2358970232307911,0.34736795350909233,0.1360168680548668,0.45787799172103405,1.1614789254963398
2.53091286867857,0.25781895965337753,0.3725150600075722,0.1675670500844717,0.5959589034318924,1.6083559021353722
2.4928508792072535,0.23739994503557682,0.34843897446990013,0.13135909102857113,0.46349712647497654,1.165076158940792
2.4461420252919197,0.23219012655317783,0.3467570059001446,0.12687081471085548,0.4377290606498718,1.090295147150755
2.5143821258097887,0.24074595421552658,0.3479090519249439,0.13231998309493065,0.45936997048556805,1.1693250853568316
2.4510719813406467,0.23140804842114449,0.34133694134652615,0.1261490397155285,0.43152691796422005,1.0340891312807798
2.5003550108522177,0.2548028714954853,0.3706919960677624,0.17953990027308464,0.5520260892808437,1.5028459019958973
2.5023799389600754,0.27559208683669567,0.36894786171615124,0.16051414422690868,0.5446509458124638,1.4619289431720972
2.478464972227812,0.24090614169836044,0.35230698995292187,0.151126179844141,0.4805598873645067,1.2251310981810093
2.4778719525784254,0.2689689863473177,0.3833351656794548,0.1932559534907341,0.6086931098252535,1.818142831325531
2.396948868408799,0.2285330556333065,0.3384209703654051,0.11987704783678055,0.4072710871696472,0.9570121765136719
2.413820941001177,0.22253207862377167,0.33081695437431335,0.137590104714036,0.3717951476573944,0.8408520370721817
2.471399959176779,0.2563660964369774,0.3706919960677624,0.16623502597212791,0.5793371237814426,1.5989881940186024
2.432416193187237,0.2352348528802395,0.348689965903759,0.1345248892903328,0.47225505113601685,1.1911159381270409
2.371621085330844,0.2568061463534832,0.3703609108924866,0.15958212316036224,0.7977308705449104,1.5564179047942162
2.42127594538033,0.2546620089560747,0.3671250306069851,0.15847012400627136,0.9383270516991615,1.5457170084118843
2.3677051067352295,0.23009604774415493,0.34130620770156384,0.12224097736179829,0.7047650869935751,1.024800818413496
2.3692669346928596,0.22481591440737247,0.34841010347008705,0.12152991257607937,0.6849481724202633,0.9827809408307076
2.3636058904230595,0.24210894480347633,0.3655729815363884,0.1402858179062605,0.8540579583495855,1.299039926379919
2.3665919434279203,0.22846204228699207,0.343219842761755,0.1197359524667263,0.7230800110846758,1.0192811023443937
2.369237132370472,0.23480504751205444,0.34630601294338703,0.12521701864898205,0.7460929919034243,1.098079839721322
2.367843873798847,0.2515760716050863,0.3646609839051962,0.14645792543888092,0.8836938068270683,1.462350133806467
2.415324095636606,0.2632089890539646,0.37399795837700367,0.15615508891642094,0.9669410064816475,1.6047290991991758
2.3970401380211115,0.2642108593136072,0.37516094744205475,0.16249692998826504,0.9953449480235577,1.597345108166337
2.3428970016539097,0.23486511781811714,0.3449940122663975,0.12181000784039497,0.5610231310129166,1.079044071957469
2.346174092963338,0.2308669500052929,0.34096604213118553,0.11942582204937935,0.5437398795038462,1.041932962834835
2.3533569183200598,0.2519169356673956,0.365623040124774,0.14709914103150368,0.6856480613350868,1.492595998570323
2.35328683629632,0.2297449391335249,0.34400192089378834,0.11935597285628319,0.5384001415222883,1.0442479979246855
2.365338848903775,0.2338120248168707,0.35382993519306183,0.12847292236983776,0.5660620518028736,1.1170150246471167
2.353056101128459,0.2559551503509283,0.37629297003149986,0.16724714078009129,0.7375571876764297,1.5443640295416117
2.361031947657466,0.2391519956290722,0.3540010657161474,0.13210996985435486,0.605737091973424,1.2328249868005514
2.395896939560771,0.22896379232406616,0.3413669764995575,0.11759297922253609,0.5313470028340816,1.0052029974758625
2.4260939098894596,0.27127284556627274,0.3917419817298651,0.19927788525819778,0.7620728574693203,1.9156269263476133
2.3815699387341738,0.23152888752520084,0.34348107874393463,0.12329383753240108,0.52618607878685,1.0171460453420877
2.335774013772607,0.23822090588510036,0.3511651884764433,0.13287202455103397,0.5877430085092783,1.1975280940532684
2.405045088380575,0.2481900155544281,0.354051124304533,0.14676805585622787,0.6528061348944902,1.2963649351149797
2.3744970094412565,0.2367580309510231,0.342327868565917,0.12103002518415451,0.5706311203539371,1.0684030130505562
2.3291909601539373,0.22205105051398277,0.33348100259900093,0.10957708582282066,0.5023509729653597,0.9137701708823442
2.3513829801231623,0.2393629401922226,0.34643616527318954,0.1236950047314167,0.5617630667984486,1.1169151403009892
2.2847671061754227,0.2235029824078083,0.3316181246191263,0.12838304974138737,0.44855987653136253,0.7595978677272797
2.344680018723011,0.2203979529440403,0.33647683449089527,0.10986789129674435,0.48585981130599976,0.8648780640214682
2.376439981162548,0.2381410449743271,0.349672045558691,0.12369407340884209,0.5793080199509859,1.1485549621284008
2.3973709903657436,0.2350551076233387,0.3435600083321333,0.12264191173017025,0.5542889703065157,1.0831509716808796
2.3511331528425217,0.21610897965729237,0.325626228004694,0.11558900587260723,0.4622859414666891,0.712068984284997
2.42028315551579,0.25856983847916126,0.37610181607306004,0.16239797696471214,0.9506000205874443,1.6658050008118153
2.3982920683920383,0.27097295969724655,0.436415895819664,0.17230608500540257,0.9880808647722006,1.8335520289838314
2.3907071445137262,0.21919491700828075,0.33128797076642513,0.12467615306377411,0.6401920691132545,0.8402909152209759
2.3731740657240152,0.24474319070577621,0.3634979948401451,0.14535500667989254,0.8524740114808083,1.3785099145025015
2.3695880081504583,0.24389196187257767,0.35727699287235737,0.1422602217644453,0.8222670294344425,1.3312411028891802
2.4237900506705046,0.27840700931847095,0.39893481880426407,0.1870139967650175,0.624172855168581,2.019493840634823
2.3594789672642946,0.2206780482083559,0.34112599678337574,0.12225215323269367,0.37868786603212357,0.8505110163241625
2.424272010102868,0.2884259447455406,0.42320089414715767,0.20785396918654442,0.6453818641602993,2.31470400467515
2.410304034128785,0.24920189753174782,0.3649718128144741,0.1466169487684965,0.5422770045697689,1.4934190548956394
2.4081598967313766,0.2260780893266201,0.33857114613056183,0.11273310519754887,0.40611904114484787,0.9757881052792072
2.350370865315199,0.23820088244974613,0.34562405198812485,0.11998694390058517,0.4351949319243431,1.0855849832296371
2.4064581375569105,0.2511248458176851,0.36592292599380016,0.14401180669665337,0.5484691355377436,1.4575200621038675
2.395697170868516,0.23233983665704727,0.34369085915386677,0.12195110321044922,0.44024293310940266,1.0837228037416935
2.3876118939369917,0.2397540956735611,0.35143597051501274,0.13041682541370392,0.4738280549645424,1.2835399247705936
2.3745261132717133,0.239974120631814,0.35224691964685917,0.13260100968182087,0.48478785902261734,1.244897022843361
2.3530060425400734,0.21956604905426502,0.3297950606793165,0.12279301881790161,0.36516087129712105,0.8233399130403996
2.3800078779459,0.2404258120805025,0.34925108775496483,0.15000393614172935,0.4616540390998125,1.2178260367363691
2.4584168568253517,0.28696306981146336,0.4090149886906147,0.21150102838873863,0.6363950669765472,2.217449015006423
2.3849359713494778,0.2797699999064207,0.40140002965927124,0.18357695080339909,0.6230899598449469,1.9995260518044233
2.351543866097927,0.24620606563985348,0.36123418249189854,0.14412286691367626,0.5332101136445999,1.4290469698607922
2.385366940870881,0.2466980367898941,0.3574460279196501,0.15075597912073135,0.5179508589208126,1.3656869996339083
2.3726639337837696,0.22017699666321278,0.32780994661152363,0.12028799392282963,0.3548320382833481,0.7850069086998701
2.3581860587000847,0.2437620423734188,0.35496195778250694,0.1475089229643345,0.49537885934114456,1.2912561651319265
2.350741997361183,0.23713894188404083,0.3494319971650839,0.12729107402265072,0.4754099063575268,1.2039998546242714
2.343738917261362,0.2184940967708826,0.33088703639805317,0.12101000174880028,0.36479090340435505,0.8306228555738926
2.3441798985004425,0.23621809668838978,0.3474780824035406,0.12589897960424423,0.442038057371974,1.1482350528240204
2.359537873417139,0.2728069666773081,0.3335620276629925,0.10338611900806427,0.3783369902521372,0.8677528239786625
2.3626238107681274,0.2594620455056429,0.3601920325309038,0.14199898578226566,0.5184819456189871,1.408127136528492
2.3377370089292526,0.22954493761062622,0.3418470732867718,0.1108099240809679,0.42492407374083996,0.976259121671319
2.416938077658415,0.27545192278921604,0.3939559683203697,0.17120386473834515,0.6186810787767172,1.973707927390933
2.3775831796228886,0.22193090990185738,0.33371313475072384,0.10695215314626694,0.380160054191947,1.1116948444396257
2.351533155888319,0.2412970643490553,0.3497928846627474,0.1284328754991293,0.47835614532232285,1.4377930201590061
2.334900898858905,0.2505041193217039,0.3625769168138504,0.14578597620129585,0.5372869782149792,1.617091940715909
2.384125953540206,0.22199098020792007,0.3334619104862213,0.10574003681540489,0.3886059857904911,1.0630828328430653
2.395607065409422,0.2144270110875368,0.3257270436733961,0.1181229017674923,0.3814620431512594,0.9319051168859005
2.399593824520707,0.24650595150887966,0.35977084189653397,0.1477799378335476,0.5210370291024446,1.5556858852505684
2.390917157754302,0.23206905461847782,0.34499308094382286,0.1177529338747263,0.43823011219501495,1.2547560036182404
2.381921047344804,0.22415490821003914,0.33643702045083046,0.1051090657711029,0.39317412301898,1.0954150930047035
2.425893908366561,0.25678612291812897,0.3716740757226944,0.15497300773859024,0.5829741712659597,1.762639032676816
2.3427458945661783,0.22563710808753967,0.3359259571880102,0.10677194222807884,0.3960900940001011,1.1205929331481457
2.412378089502454,0.25281799025833607,0.3717239014804363,0.143782002851367,0.5512339994311333,1.6528400592505932
2.37742206081748,0.2284629736095667,0.34059491008520126,0.11228304356336594,0.4091740120202303,1.1696249712258577
2.4725429248064756,0.30082883313298225,0.4138341173529625,0.22193999029695988,0.6391010247170925,2.536664018407464
2.418752061203122,0.29021897353231907,0.4062799271196127,0.23417407646775246,0.6343210116028786,2.4197620805352926
2.4297419004142284,0.2820240333676338,0.40019815787672997,0.20364602096378803,0.6459441501647234,2.252395963296294
2.3512730840593576,0.2429909072816372,0.35890890285372734,0.13713003136217594,0.5060480907559395,1.5275629702955484
2.372032031416893,0.23475498892366886,0.34800893627107143,0.12668012641370296,0.466624042019248,1.350628212094307
2.421305049210787,0.2354260068386793,0.3436610568314791,0.1202679704874754,0.4413961432874203,1.296565169468522
2.548566786572337,0.23375311866402626,0.3437099512666464,0.1200670376420021,0.44638593681156635,1.336381072178483
2.490796847268939,0.23432401940226555,0.3491109237074852,0.12100907042622566,0.45436015352606773,1.3303190935403109
2.4201630149036646,0.23937388323247433,0.36337808705866337,0.13402290642261505,0.5118697881698608,1.5135270077735186
2.389335073530674,0.25750696659088135,0.3812219947576523,0.16009295359253883,0.5937248934060335,1.8443530425429344
2.374666975811124,0.22745109163224697,0.34113600850105286,0.1104788389056921,0.41390396654605865,1.1672810651361942
2.357404213398695,0.23567699827253819,0.348689965903759,0.12365495786070824,0.46546198427677155,1.3237670063972473
2.3731740657240152,0.24628709070384502,0.3567149396985769,0.1395139843225479,0.4906090907752514,1.476856879889965
2.383955055847764,0.23077684454619884,0.34540402702987194,0.1190651673823595,0.43766899034380913,1.2779198586940765
2.427927916869521,0.3136040177196264,0.4173798952251673,0.21048891358077526,0.6364749278873205,2.5878408923745155
2.3646082263439894,0.24690711870789528,0.3536997828632593,0.12517720460891724,0.47375704161822796,1.4087778981775045
2.414482180029154,0.26174611411988735,0.37890695966780186,0.16911979764699936,0.5782251246273518,1.8846390303224325
2.345944056287408,0.21753204055130482,0.3314879722893238,0.12380490079522133,0.36422000266611576,1.03389797732234
2.4072499945759773,0.2664150670170784,0.38498896174132824,0.17548305913805962,0.5903181154280901,2.0172300282865763
2.367192879319191,0.2244049683213234,0.3443120513111353,0.11148094199597836,0.4034438170492649,1.1492969933897257
2.35574203543365,0.22364314645528793,0.33873110078275204,0.10533002205193043,0.38093095645308495,1.0697359684854746
2.350572030991316,0.2234329003840685,0.337257981300354,0.10505900718271732,0.3902590833604336,1.0939629282802343
2.3445701226592064,0.2170309890061617,0.33228914253413677,0.1177529338747263,0.35937107168138027,0.9931810200214386
2.3185808677226305,0.2215199638158083,0.3338928800076246,0.10557007044553757,0.37198513746261597,1.055839005857706
2.3436378687620163,0.2164600882679224,0.33119693398475647,0.11863512918353081,0.36309799179434776,0.989904860034585
2.394945826381445,0.2565749455243349,0.3721050452440977,0.15878095291554928,0.5794379394501448,1.8064810428768396
2.422687830403447,0.21999701857566833,0.3338719252496958,0.10378682054579258,0.38290489464998245,1.0761278681457043
2.339920960366726,0.22126897238194942,0.334274023771286,0.10150205343961716,0.37703406997025013,1.0332870297133923
2.3421458899974823,0.22296304814517498,0.338271027430892,0.1081950031220913,0.3977930173277855,1.1162441223859787
2.4820410180836916,0.30004908330738544,0.42604701593518257,0.2576680853962898,0.7950859144330025,2.7818481903523207
2.463304903358221,0.2899800892919302,0.4207759629935026,0.23337197490036488,0.6487388163805008,2.5461220648139715
2.36151204444468,0.22781221196055412,0.34526409581303596,0.11710193939507008,0.4362962208688259,1.2233760207891464
2.393802860751748,0.2688190434128046,0.37412787787616253,0.17197593115270138,0.5911700427532196,1.8452340736985207
2.333258045837283,0.23304205387830734,0.34429202787578106,0.12007704935967922,0.4352040123194456,1.2643749359995127
2.342446008697152,0.2334520686417818,0.35005295649170876,0.1268601045012474,0.4708319902420044,1.3639230746775866
2.3332491982728243,0.2248859964311123,0.3378400579094887,0.11112098582088947,0.4111980088055134,1.1588651686906815
2.354769967496395,0.2499530091881752,0.3658430650830269,0.1444229856133461,0.5393810570240021,1.6581399831920862
2.4380870163440704,0.2853809855878353,0.41257101111114025,0.20545907318592072,0.6290609017014503,2.459959127008915
2.3979509714990854,0.26029301807284355,0.3798198886215687,0.1762139145284891,0.5895171780139208,1.906801015138626
2.392990980297327,0.230506993830204,0.34626503475010395,0.1195759978145361,0.4324391484260559,1.2562088668346405
2.447625156491995,0.24755788035690784,0.3632481675595045,0.1516970805823803,0.5332392174750566,1.65000488050282
2.3591381032019854,0.22285198792815208,0.34298887476325035,0.10745297186076641,0.39760302752256393,1.1109039187431335
2.3800970520824194,0.211469829082489,0.3286120481789112,0.11581019498407841,0.3387909382581711,0.935060903429985
2.4080900475382805,0.22372393868863583,0.3349650651216507,0.11427607387304306,0.40802289731800556,1.1345280800014734
2.3819119669497013,0.22845203056931496,0.3422880545258522,0.11941604316234589,0.436707166954875,1.24741205945611
2.3677139542996883,0.23108813911676407,0.34448294900357723,0.1278230920433998,0.462505966424942,1.318997936323285
2.3954769130796194,0.25944202207028866,0.3737180959433317,0.16296887770295143,0.5906091537326574,1.8085550982505083
2.3711100220680237,0.22111902944743633,0.33213896676898,0.10999897494912148,0.40118000470101833,1.124850008636713
2.4067270569503307,0.2547129988670349,0.3529579844325781,0.1418590545654297,0.4895071033388376,1.431772019714117
2.4212850257754326,0.26050303131341934,0.37558190524578094,0.1566559076309204,0.5884850397706032,1.8191051203757524
2.4322262033820152,0.2403748221695423,0.352637842297554,0.1310179941356182,0.4873429425060749,1.441420055925846
2.3593888618052006,0.22241100668907166,0.3328709863126278,0.10415702126920223,0.3909000661224127,1.0751360096037388
2.3826018441468477,0.2350849099457264,0.3571959678083658,0.12751109898090363,0.46553206630051136,1.3840210158377886
2.4132400285452604,0.26964000426232815,0.3982239868491888,0.17857877537608147,0.6195029709488153,2.1568238735198975
2.385027939453721,0.23790099658071995,0.3551221452653408,0.1308878418058157,0.4858400207012892,1.4353480655699968
2.3563518188893795,0.25008292868733406,0.36656390875577927,0.14991406351327896,0.5755999591201544,1.7836070619523525
2.337927930057049,0.214005121961236,0.32763113267719746,0.1319199800491333,0.35993196070194244,0.9741450194269419
2.350871916860342,0.2316280733793974,0.34636701457202435,0.13314210809767246,0.4606819711625576,1.3533830642700195
2.405656035989523,0.2460358664393425,0.3607331309467554,0.15598488971590996,0.5488398019224405,1.6791599337011576
2.348116133362055,0.23288093507289886,0.3488201182335615,0.12760097160935402,0.476060900837183,1.355977961793542
2.450750907883048,0.2984048333019018,0.4236530512571335,0.2205478958785534,0.6647289264947176,2.682460006326437
2.3550190962851048,0.23117708042263985,0.3455050755292177,0.12482702732086182,0.44970097951591015,1.3003528583794832
2.368275076150894,0.24324096739292145,0.3583291545510292,0.14861091040074825,0.5241930484771729,1.5801931731402874
2.3691679816693068,0.26845792308449745,0.38927700370550156,0.17055287025868893,0.6110670510679483,1.9979530479758978
2.3272871039807796,0.22864295169711113,0.3388009499758482,0.1098080538213253,0.4095151089131832,1.1282970663160086
2.3761901538819075,0.25926087982952595,0.37610181607306004,0.17448002472519875,0.5888750310987234,1.8468271009624004
2.334811957553029,0.22176001220941544,0.33488497138023376,0.10728300549089909,0.39628101512789726,1.1025168932974339
2.384244929999113,0.2661540638655424,0.38291490636765957,0.16839895397424698,0.6051058880984783,2.01447494328022
2.3572640493512154,0.22289203479886055,0.33937208354473114,0.10895589366555214,0.41038705967366695,1.1508690658956766
2.3885939735919237,0.2336720936000347,0.3477679565548897,0.12176088057458401,0.4613341297954321,1.3549348805099726
2.3431580048054457,0.23378198966383934,0.34780800342559814,0.12200092896819115,0.45701488852500916,1.3180961832404137
2.364629181101918,0.24505401961505413,0.360873993486166,0.1430511474609375,0.529241980984807,1.6198470257222652
2.3912289179861546,0.22116908803582191,0.3362470306456089,0.10979780927300453,0.3953289706259966,1.129058189690113
2.3578850086778402,0.22713001817464828,0.3396030515432358,0.11454685591161251,0.4206569865345955,1.2288670986890793
2.3606710601598024,0.22690999321639538,0.34925108775496483,0.11800299398601055,0.42662816122174263,1.2017961125820875
2.322338055819273,0.21981587633490562,0.3343531861901283,0.10140216909348965,0.39418693631887436,1.0315538384020329
2.3743670899420977,0.23213005624711514,0.34338003024458885,0.11941604316234589,0.4426890518516302,1.27378199249506
2.4129298981279135,0.2572271041572094,0.36806706339120865,0.15066610649228096,0.5741170607507229,1.7676870338618755
2.371941925957799,0.2669859677553177,0.384337967261672,0.1684089656919241,0.6039729341864586,2.012220909819007
2.400785917416215,0.27546100318431854,0.36743609234690666,0.14704815112054348,0.556994928047061,1.695120008662343
2.3615830577909946,0.24464400485157967,0.35092420876026154,0.12595811858773232,0.475230161100626,1.3891500420868397
2.3425270337611437,0.22358400747179985,0.33696810714900494,0.11269398964941502,0.4084829706698656,1.1553179938346148
2.417939016595483,0.24250894784927368,0.35630492493510246,0.14257105067372322,0.52268011495471,1.5184860676527023
2.3526959121227264,0.22438494488596916,0.33643702045083046,0.11116988025605679,0.41739013977348804,1.1489749886095524
2.433429006487131,0.23090816102921963,0.3465469926595688,0.11957692913711071,0.4542700480669737,1.3317021075636148
2.417729003354907,0.2582389861345291,0.38577080704271793,0.18068193458020687,0.5969807971268892,1.9287529867142439
2.3615220561623573,0.22587808780372143,0.34535396844148636,0.11915597133338451,0.42303185909986496,1.1784709058701992
2.3836339823901653,0.24970294907689095,0.3673860337585211,0.1524491235613823,0.5603509489446878,1.7029349692165852
2.380718942731619,0.22683991119265556,0.3397730179131031,0.11617993004620075,0.4262870643287897,1.2032201047986746
2.459938870742917,0.2909819595515728,0.4120699595659971,0.20591006614267826,0.6500508170574903,2.5025999639183283
2.3505918215960264,0.22062798961997032,0.3337920643389225,0.10657194070518017,0.3856699913740158,1.0534150060266256
2.4000650737434626,0.24200789630413055,0.35572401247918606,0.13690907508134842,0.5110981874167919,1.5061621088534594
2.5049839168787003,0.2649619709700346,0.38360594771802425,0.19593117758631706,0.6026709452271461,1.9986650440841913
2.4081100709736347,0.2369978465139866,0.3572572022676468,0.14611706137657166,0.4886258393526077,1.4571389183402061
2.4231690913438797,0.23381318897008896,0.35100500099360943,0.14081690460443497,0.4625660367310047,1.3857949525117874
2.3599888663738966,0.23258081637322903,0.3412459045648575,0.1290340442210436,0.42132800444960594,1.2250898871570826
2.3736560251563787,0.23793079890310764,0.3546008374541998,0.14319107867777348,0.4754511173814535,1.3873570133000612
2.411617897450924,0.24246890097856522,0.3631371073424816,0.15587499365210533,0.5057270172983408,1.533403992652893
2.4311651941388845,0.22085802629590034,0.33585610799491405,0.12437603436410427,0.4098860081285238,1.1423230171203613
2.409684006124735,0.2504950389266014,0.36563281901180744,0.16431091353297234,0.5693279672414064,1.7178631387650967
2.351073082536459,0.22612791508436203,0.3361571580171585,0.12875418178737164,0.42123813182115555,1.1773200239986181
2.397781005129218,0.263469060882926,0.37984014488756657,0.18611294217407703,0.5920319817960262,1.9122918602079153
2.378083998337388,0.23191911168396473,0.34667598083615303,0.13527600094676018,0.45492080971598625,1.317175105214119
2.5803071912378073,0.3485800698399544,0.4491910804063082,0.3003990277647972,0.8230488747358322,2.761970041319728
2.365509979426861,0.23786094971001148,0.3429688513278961,0.13183895498514175,0.43920218013226986,1.2350690085440874
2.3582561407238245,0.23850193247199059,0.35059405490756035,0.14006509445607662,0.46643312089145184,1.3557369820773602
2.3487180005759,0.22015604190528393,0.33352221362292767,0.11823396198451519,0.3989660181105137,1.0583451949059963
2.362375147640705,0.25014299899339676,0.3669650759547949,0.15842006541788578,0.5343321245163679,1.5966440550982952
2.389376051723957,0.2327600959688425,0.3511251416057348,0.13525597751140594,0.46046217903494835,1.2998210731893778
2.433398040011525,0.28632208704948425,0.4128220025449991,0.23581599816679955,0.6429881323128939,2.3714809212833643
2.3423959501087666,0.24078600108623505,0.3552029374986887,0.15587499365210533,0.5054869689047337,1.468100119382143
2.3656999692320824,0.2444630954414606,0.345093896612525,0.1479601487517357,0.45250682160258293,1.2859548442065716
2.379907062277198,0.23837084881961346,0.3492319956421852,0.14910288155078888,0.47676218673586845,1.3875579461455345
2.4045140016824007,0.22865296341478825,0.33675809390842915,0.13006594963371754,0.42757904157042503,1.1705870274454355
2.3736448492854834,0.21589896641671658,0.3290330059826374,0.11289399117231369,0.38217403925955296,1.0072579607367516
2.3601800203323364,0.21975603885948658,0.33018505200743675,0.14154799282550812,0.3713630139827728,0.9851770009845495
2.3569748736917973,0.22643804550170898,0.34050503745675087,0.13407389633357525,0.423752935603261,1.1880400124937296
2.4064178578555584,0.26766699738800526,0.38365693762898445,0.20316499285399914,0.6022299639880657,2.0106469746679068
2.3885739501565695,0.24339091032743454,0.3661240916699171,0.16901991330087185,0.5343318916857243,1.5891599468886852
2.363756997510791,0.21493714302778244,0.3329899627715349,0.13852305710315704,0.3637089394032955,0.9719000663608313
2.3893751204013824,0.2576680853962898,0.36287703551352024,0.17495104111731052,0.5808300338685513,1.725608017295599
2.3455319460481405,0.22063800133764744,0.3288928419351578,0.11713104322552681,0.3823039587587118,1.0174969211220741
2.359638921916485,0.24142791517078876,0.3492708783596754,0.15059509314596653,0.4970210138708353,1.4838799834251404
2.4306438863277435,0.22072810679674149,0.330696115270257,0.11995690874755383,0.4089151043444872,1.0959359351545572
2.3917711805552244,0.22955494932830334,0.33994298428297043,0.13410416431725025,0.44740689918398857,1.2630620039999485
2.3587369360029697,0.2274110447615385,0.3368980251252651,0.12489617802202702,0.4135731142014265,1.1827799025923014
2.351803006604314,0.2215290442109108,0.3321189433336258,0.11750194244086742,0.3970020916312933,1.0871090926229954
2.341784071177244,0.2105690073221922,0.3227710258215666,0.12682005763053894,0.3332612104713917,0.9206640534102917
2.4291700683534145,0.29284413903951645,0.38663181476294994,0.2166200429201126,0.628751004114747,2.262094058096409
2.36310507170856,0.2308380790054798,0.34000398591160774,0.13344292528927326,0.4425679799169302,1.2614300940185785
2.3557920940220356,0.23920321837067604,0.3633981104940176,0.14689890667796135,0.4846679512411356,1.414699014276266
2.3345311637967825,0.21929596550762653,0.3329198807477951,0.11608004570007324,0.3790580667555332,1.0448291432112455
2.4003260768949986,0.2613950055092573,0.3682768438011408,0.17995992675423622,0.59874402359128,1.836386974900961
2.4295218754559755,0.22913399152457714,0.33815018832683563,0.1325609628111124,0.43164798989892006,1.226373016834259
2.3549210745841265,0.22014696151018143,0.3311771433800459,0.11618994176387787,0.3804708831012249,1.04313506744802
2.433147979900241,0.27812598273158073,0.381142133846879,0.2278920728713274,0.6237211637198925,2.1860499400645494
2.3524751886725426,0.23758015595376492,0.3456450067460537,0.1549439039081335,0.4732459783554077,1.3586929999291897
2.3813589941710234,0.23173890076577663,0.3388009499758482,0.135927926748991,0.44464203529059887,1.2449768837541342
2.37543904222548,0.22163009271025658,0.33294083550572395,0.12016785331070423,0.39263395592570305,1.0880108457058668
2.378955017775297,0.25543314404785633,0.3584090154618025,0.16616517677903175,0.5584070459008217,1.6811839304864407
2.3097840603441,0.21845404990017414,0.3296840004622936,0.11602998711168766,0.3958998713642359,1.028016908094287
2.3704590275883675,0.26422995142638683,0.3742082044482231,0.18632295541465282,0.5980730056762695,1.8745299894362688
2.307350980117917,0.21905498579144478,0.3345829900354147,0.12006680481135845,0.39382604882121086,1.0845039505511522
2.392101101577282,0.2569661010056734,0.36318786442279816,0.19448809325695038,0.5894859787076712,1.7766051460057497
2.3544079158455133,0.23407302796840668,0.33599603921175003,0.12986618094146252,0.418543117120862,1.184073043987155
2.35866685397923,0.22260192781686783,0.33241906203329563,0.1223711296916008,0.39739301428198814,1.1022379621863365
2.431423868983984,0.27515110559761524,0.38271513767540455,0.21229195408523083,0.627137953415513,2.1824531722813845
2.373144030570984,0.22386410273611546,0.33436412923038006,0.12675998732447624,0.41473517194390297,1.154567115008831
2.3853678721934557,0.2355659380555153,0.34620496444404125,0.15449314378201962,0.49336417578160763,1.4095799997448921
2.3202139418572187,0.2234329003840685,0.33157807774841785,0.11703209020197392,0.3877938725054264,1.0542769450694323
2.32246913947165,0.21519814617931843,0.32527605071663857,0.13778102584183216,0.36465004086494446,0.9788339957594872
2.325495006516576,0.2333919983357191,0.34326990135014057,0.14680810272693634,0.46882801689207554,1.3503869995474815
2.3411130532622337,0.2258680760860443,0.3347040619701147,0.12748222798109055,0.40380493737757206,1.1365630198270082
2.3635660763829947,0.22920407354831696,0.3434000536799431,0.14349189586937428,0.4280910361558199,1.2061740271747112
2.3546088486909866,0.2309870906174183,0.3434000536799431,0.15246914699673653,0.4514849279075861,1.2931888923048973
2.3188209161162376,0.2174321562051773,0.32985396683216095,0.11960603296756744,0.38071093149483204,1.0299510322511196
2.3325069341808558,0.2387729473412037,0.3465160261839628,0.14518504031002522,0.47720293514430523,1.3998809736222029
2.5044020731002092,0.37383800372481346,0.483495881780982,0.3871330991387367,0.9900550357997417,2.6968379970639944
2.3884130641818047,0.2412071917206049,0.3488711081445217,0.15521422028541565,0.5394408944994211,1.448733964934945
2.395687159150839,0.22774096578359604,0.3528278321027756,0.1289239153265953,0.4364668857306242,1.1764380615204573
2.330173971131444,0.22711092606186867,0.34704688005149364,0.13390416279435158,0.39755296893417835,1.0634639766067266
2.338969148695469,0.22524595260620117,0.33732899464666843,0.1289239153265953,0.40834303945302963,1.133145997300744
2.3822321090847254,0.25781779550015926,0.36733481101691723,0.18320721574127674,0.6151350680738688,1.8370389007031918
2.3361039347946644,0.2219711896032095,0.3332721535116434,0.1229429617524147,0.4042559303343296,1.0887919925153255
2.331424970179796,0.21918490529060364,0.34551392309367657,0.11907494626939297,0.39760302752256393,1.0467020329087973
2.3704988416284323,0.2284119836986065,0.33832015469670296,0.1306571066379547,0.42658811435103416,1.1818779166787863
2.352234907448292,0.24223816581070423,0.34957309253513813,0.1599229872226715,0.5044660065323114,1.5009921044111252
2.3411940783262253,0.24206889793276787,0.3483900800347328,0.15834998339414597,0.4970310255885124,1.4312511775642633
2.3409530986100435,0.22590812295675278,0.33585610799491405,0.12511713430285454,0.41390396654605865,1.1525019071996212
2.350261900573969,0.22970512509346008,0.3393429797142744,0.135085079818964,0.4437700845301151,1.259014941751957
2.3687458597123623,0.24184794165194035,0.352438073605299,0.15902100130915642,0.5249439273029566,1.5319210942834616
2.317599020898342,0.21589919924736023,0.326348003000021,0.1391128171235323,0.3537200391292572,0.967932865023613
2.3310950491577387,0.21064886823296547,0.32537709921598434,0.1351961400359869,0.35005295649170876,0.9366939775645733
2.3658298887312412,0.2426300197839737,0.34870090894401073,0.15702703967690468,0.5087640602141619,1.4507381711155176
2.4674730375409126,0.3100780304521322,0.4165489226579666,0.3013110253959894,0.8088720496743917,2.659756923094392
2.395627088844776,0.2356870099902153,0.3533989656716585,0.14230911619961262,0.6007871124893427,1.3254100922495127
2.3650790099054575,0.26662484742701054,0.3674051258713007,0.1903108786791563,0.6154959555715322,1.7694609705358744
2.3400229401886463,0.233873026445508,0.3409450873732567,0.13632792979478836,0.44233817607164383,1.244185958057642
2.426627092063427,0.25371089577674866,0.3613238222897053,0.17146416939795017,0.575308920815587,1.7291950061917305
2.3553110659122467,0.22710999473929405,0.33492501825094223,0.12733088806271553,0.4107279237359762,1.151540083810687
2.3599290288984776,0.228172168135643,0.3362470306456089,0.12893415987491608,0.4253059159964323,1.1993420775979757
2.365930937230587,0.23031700402498245,0.33921306021511555,0.1321299932897091,0.4296929109841585,1.2112429831176996
2.3422259837388992,0.21669105626642704,0.3272190224379301,0.13722991570830345,0.37038116715848446,1.0021578054875135
2.3586968891322613,0.2310778945684433,0.3420270513743162,0.14845095574855804,0.4485989920794964,1.2752849142998457
2.383794169872999,0.21672016009688377,0.32766000367701054,0.13907300308346748,0.37351716309785843,0.9945230558514595
2.3633060045540333,0.23645791225135326,0.3452431410551071,0.153339933604002,0.47103199176490307,1.334326807409525
2.4027510080486536,0.255984952673316,0.3668251447379589,0.18559210002422333,0.5860901437699795,1.7714649438858032
2.340080915018916,0.22949418053030968,0.34076604060828686,0.13316189870238304,0.42289099656045437,1.1976289097219706
2.397279953584075,0.23173890076577663,0.3393718507140875,0.136297894641757,0.43473299592733383,1.23298610560596
2.3957870434969664,0.23343204520642757,0.3429290372878313,0.15091593377292156,0.47091185115277767,1.3442051131278276
2.3788348771631718,0.23704906925559044,0.3457251004874706,0.15238882042467594,0.4719139542430639,1.3576610945165157
2.426725812256336,0.28514000587165356,0.38900692015886307,0.23111794143915176,0.6381778512150049,2.3244319017976522
2.3376261815428734,0.24454318918287754,0.34680613316595554,0.15103607438504696,0.4803389310836792,1.4055520296096802
2.3682250175625086,0.24638697504997253,0.35417103208601475,0.1598629169166088,0.5306650418788195,1.6089770942926407
2.390436828136444,0.2595719415694475,0.3675362095236778,0.18428894691169262,0.586311100050807,1.8742899410426617
2.3506120778620243,0.24317088536918163,0.35010301508009434,0.15090499073266983,0.5294629372656345,1.4732100535184145
2.3017399944365025,0.21316390484571457,0.32479502260684967,0.13280101120471954,0.3537300508469343,0.9719608351588249
2.37883604131639,0.25215791538357735,0.3657219931483269,0.17583300359547138,0.5839359946548939,1.6778579447418451
2.3884540423750877,0.2515660598874092,0.36225607618689537,0.16708718612790108,0.565781956538558,1.6753829549998045
2.4222368374466896,0.2526980824768543,0.35896897315979004,0.16675610095262527,0.5608820356428623,1.716171158477664
2.3437580093741417,0.23349188268184662,0.3404540475457907,0.13825204223394394,0.4431989509612322,1.2371540069580078
2.4004660081118345,0.2834468614310026,0.3878539428114891,0.22982503287494183,0.6411741487681866,2.2849179804325104
2.420674078166485,0.2879749517887831,0.39582885801792145,0.24034501984715462,0.6453229580074549,2.4398609530180693
2.3780439514666796,0.25152601301670074,0.35529304295778275,0.15894114039838314,0.5324389785528183,1.577997813001275
2.371622947975993,0.2266999799758196,0.33504399470984936,0.12614880688488483,0.42545516043901443,1.14439707249403
2.3823119699954987,0.24302001111209393,0.35091512836515903,0.15302002429962158,0.5035139620304108,1.4943999703973532
2.388774184510112,0.247288029640913,0.3540799953043461,0.1662250142544508,0.5421768873929977,1.621781848371029
2.4134409613907337,0.21991715766489506,0.3317079972475767,0.12010801583528519,0.39066001772880554,1.0636949446052313
2.4117070715874434,0.24853111244738102,0.3450040239840746,0.13936404138803482,0.4531580489128828,1.3003719504922628
2.353397198021412,0.22241100668907166,0.33317110501229763,0.13444502837955952,0.38243411108851433,1.0284080635756254
2.3829229176044464,0.24975300766527653,0.3557030577212572,0.1657439861446619,0.5439198575913906,1.6066841781139374
2.386158099398017,0.2631579991430044,0.36807707510888577,0.1989568118005991,0.6025009788572788,1.903574913740158
2.3587679024785757,0.25720708072185516,0.3635389730334282,0.18020113930106163,0.5980220157653093,1.8004290759563446
2.3729947861284018,0.21558813750743866,0.3278309013694525,0.11480809189379215,0.37779519334435463,1.006266102194786
2.3886431008577347,0.24110591039061546,0.3499230369925499,0.15435204841196537,0.5125501193106174,1.5128650702536106
2.3603499867022038,0.24634599685668945,0.35326904617249966,0.15713786706328392,0.5287809763103724,1.5779079403728247
2.3345910012722015,0.2113699447363615,0.322581036016345,0.13046711683273315,0.3419772256165743,0.934109091758728
2.3606910835951567,0.22245105355978012,0.33059599809348583,0.12415507808327675,0.3951280377805233,1.0657079983502626
2.412199042737484,0.2655631396919489,0.37229503504931927,0.19051088020205498,0.5985938478261232,1.9483000505715609
2.4396900553256273,0.29747304506599903,0.40646991692483425,0.26964093558490276,0.6597589235752821,2.62426002882421
2.3267369251698256,0.21464587189257145,0.33049588091671467,0.13862294144928455,0.37045194767415524,0.9609691333025694
2.379436045885086,0.26304787024855614,0.36702491343021393,0.18692389130592346,0.6012190133333206,1.8640300258994102
2.400167053565383,0.2358469646424055,0.34460192546248436,0.14657690189778805,0.4707810003310442,1.3772291131317616
2.350833034142852,0.2293239813297987,0.3298849333077669,0.12193107977509499,0.3806299064308405,1.037796027958393
2.320223953574896,0.22602803073823452,0.33142813481390476,0.12070802040398121,0.3889270592480898,1.0666509624570608
2.3059260565787554,0.21765194833278656,0.3276409115642309,0.13970397412776947,0.3720838576555252,0.9944329503923655
2.3295010905712843,0.21657999604940414,0.329434173181653,0.11750217527151108,0.3688789438456297,1.0145008563995361
2.327878959476948,0.22285198792815208,0.33354200422763824,0.12272200547158718,0.38976804353296757,1.0985811240971088
2.424300881102681,0.2588799688965082,0.3670649603009224,0.1834370195865631,0.584716908633709,1.9436010625213385
2.35183397307992,0.22646901197731495,0.3335820510983467,0.12649898417294025,0.40640891529619694,1.1199808213859797
2.3979509714990854,0.27788616716861725,0.38153305649757385,0.21083909086883068,0.6186021491885185,2.177674090489745
2.3523960262537003,0.22644898854196072,0.3424379974603653,0.12653879821300507,0.41017704643309116,1.152832992374897
2.328661037608981,0.22569694556295872,0.3415169194340706,0.13150903396308422,0.42077689431607723,1.1812369339168072
2.3390590213239193,0.24373200722038746,0.35096495412290096,0.17601298168301582,0.5131519865244627,1.4972751960158348
2.4111270904541016,0.2519970294088125,0.3584690857678652,0.19074114970862865,0.5615530535578728,1.6926059033721685
2.350111026316881,0.23623788729310036,0.3445129841566086,0.14163902960717678,0.4614638164639473,1.3462300412356853
2.3693169932812452,0.2527290489524603,0.3614241722971201,0.18420908600091934,0.5872722249478102,1.7452561296522617
2.3963279090821743,0.2756121102720499,0.3771441988646984,0.2073619980365038,0.6315361242741346,2.11187987588346
2.311436925083399,0.23024599067866802,0.33783004619181156,0.1367391087114811,0.4490809515118599,1.2714480981230736
2.4271581787616014,0.26814802549779415,0.36794599145650864,0.18240604549646378,0.6024299655109644,1.8392729107290506
2.4083710741251707,0.27082301676273346,0.3717239014804363,0.19253487698733807,0.6022609304636717,1.9446429796516895
2.3902158718556166,0.25938102044165134,0.3645999822765589,0.19175303168594837,0.5987030453979969,1.8629578407853842
2.321596024557948,0.21234177984297276,0.3294241614639759,0.13405387289822102,0.3498129080981016,0.9477150160819292
2.331885974854231,0.23467419669032097,0.3463658504188061,0.1428099349141121,0.4585590213537216,1.3110330328345299
2.3577751126140356,0.21998700685799122,0.33377204090356827,0.12166984379291534,0.4100960213690996,1.1012060567736626
2.411226974800229,0.29165297746658325,0.3970419056713581,0.24086586199700832,0.6491998210549355,2.5000348687171936
2.3126089945435524,0.229384982958436,0.3389620687812567,0.1304971519857645,0.41750119999051094,1.2105130590498447
2.3753580171614885,0.27974904514849186,0.38073095493018627,0.22719008848071098,0.6279589142650366,2.187622943893075
2.313171047717333,0.24783890694379807,0.3449530340731144,0.14760997146368027,0.4896768368780613,1.4376731123775244
2.432327950373292,0.25032414123415947,0.3570360131561756,0.18053199164569378,0.571883050724864,1.6833089757710695
2.514813095331192,0.32139895483851433,0.42614713311195374,0.3117099404335022,0.7718820124864578,2.682640915736556
2.3944349959492683,0.27473084628582,0.3757709637284279,0.20826398395001888,0.6482580211013556,2.103744074702263
2.33482220210135,0.2314089797437191,0.33938209526240826,0.13290205970406532,0.4423980135470629,1.2258521746844053
2.381139900535345,0.22970512509346008,0.3506739158183336,0.13520685024559498,0.43377187103033066,1.2408499605953693
2.4067179765552282,0.26528211310505867,0.37559098564088345,0.20708213560283184,0.6041638553142548,1.9807610660791397
2.4279679637402296,0.2743890509009361,0.36303699016571045,0.19897706806659698,0.5931840278208256,1.8289340659976006
2.3600889835506678,0.21869409829378128,0.32605789601802826,0.1192060299217701,0.37404894828796387,1.012336928397417
2.382131991907954,0.25131599977612495,0.3540299367159605,0.1676271203905344,0.5490498151630163,1.665374031290412
2.3978520184755325,0.2337018959224224,0.3412270452827215,0.13859220780432224,0.4521571099758148,1.3301488943397999
2.4165071081370115,0.26500201784074306,0.3654821775853634,0.19706296734511852,0.59336400590837,1.889348030090332
2.3836540058255196,0.23726909421384335,0.34599611535668373,0.15009497292339802,0.4829240497201681,1.392928883433342
2.37282388843596,0.2274611033499241,0.3352849744260311,0.12717116624116898,0.4156369250267744,1.1737330351024866
2.3451410233974457,0.2429499290883541,0.3515658900141716,0.16854889690876007,0.5077410023659468,1.4986579772084951
2.4203630164265633,0.27154386043548584,0.37529109977185726,0.21112896502017975,0.6008879281580448,2.0490309689193964
2.3571238853037357,0.2543521113693714,0.3704419359564781,0.16684597358107567,0.5602100864052773,1.6867849044501781
2.3419749923050404,0.2301759086549282,0.3411059733480215,0.13159890659153461,0.42658811435103416,1.2704560067504644
2.369488123804331,0.22529694251716137,0.33493409864604473,0.12494693510234356,0.405237078666687,1.1324649676680565
2.370380098000169,0.27665402740240097,0.38082199171185493,0.21328404545783997,0.6347422022372484,2.157435053959489
2.3833841551095247,0.21865405142307281,0.33022486604750156,0.11734198778867722,0.38654194213449955,1.0411518160253763
2.323760883882642,0.21534808911383152,0.3285021521151066,0.14159898273646832,0.3699210938066244,0.9846549946814775
2.3635760881006718,0.22261193953454494,0.33190893009305,0.12669991701841354,0.3965210635215044,1.0858760215342045
2.35555088147521,0.2373990137130022,0.332079129293561,0.1208488829433918,0.3922318574041128,1.0983699467033148
2.3101249244064093,0.2241439651697874,0.33613620325922966,0.12824288569390774,0.40070898830890656,1.123678172007203
2.353167161345482,0.25024404749274254,0.3583088982850313,0.16702618449926376,0.5504230502992868,1.7028551083058119
2.3908880539238453,0.24590594694018364,0.3508739173412323,0.1612550113350153,0.5095850210636854,1.527463085949421
2.3685551714152098,0.23432401940226555,0.3462249878793955,0.1398350577801466,0.4685369785875082,1.315081026405096
2.392612164840102,0.244061928242445,0.35415077582001686,0.16611418686807156,0.5050369072705507,1.4865058474242687
2.344850916415453,0.23352308198809624,0.34240796230733395,0.1391430851072073,0.4565250128507614,1.286206068471074
2.3010869044810534,0.21792296320199966,0.3295650240033865,0.11390587314963341,0.38381689228117466,1.0255719535052776
2.3672631941735744,0.2188549842685461,0.3311880864202976,0.1154791098088026,0.38395682349801064,1.0448689572513103
2.387240994721651,0.22579706273972988,0.3341629635542631,0.13315188698470592,0.4098261706531048,1.1587149929255247
2.3740960750728846,0.2284729853272438,0.3364169970154762,0.14011492021381855,0.42489380575716496,1.1814069002866745
2.36151204444468,0.2323300577700138,0.34142681397497654,0.14604604803025723,0.5629661027342081,1.2785010039806366
2.3450199514627457,0.2229220699518919,0.33333105966448784,0.12234202586114407,0.4948971327394247,1.0885819792747498
2.4240920320153236,0.26431004516780376,0.36809709854424,0.18869712948799133,0.7809491362422705,1.9309970084577799
2.402631100267172,0.25151600129902363,0.3535000141710043,0.16524316743016243,0.5679249297827482,1.6120828222483397
2.386059146374464,0.2218999434262514,0.33333199098706245,0.12269197031855583,0.4037951584905386,1.1147807817906141
2.3667518980801105,0.22828299552202225,0.335013959556818,0.13476493768393993,0.3541409969329834,0.9393289219588041
2.3481769021600485,0.2442330587655306,0.35396101884543896,0.1543120015412569,0.49719191156327724,1.4764859806746244
2.3785638622939587,0.22726994939148426,0.338010024279356,0.13175001367926598,0.425104983150959,1.2134579010307789
2.3635560646653175,0.23030606098473072,0.3382300492376089,0.13194000348448753,0.42913295328617096,1.21753616258502
2.4407419841736555,0.252357916906476,0.35644485615193844,0.16119517385959625,0.5513739306479692,1.635418040677905
2.441304037347436,0.2808310091495514,0.3863722085952759,0.2163001336157322,0.6406530737876892,2.2781749721616507
2.3493298795074224,0.23949285969138145,0.35081407986581326,0.1495529431849718,0.49165100790560246,1.439766027033329
2.3853981401771307,0.23200898431241512,0.34063495695590973,0.14387210831046104,0.4484090022742748,1.3016851153224707
2.378133125603199,0.233873026445508,0.3439309075474739,0.14282995834946632,0.463767908513546,1.3417208101600409
2.3447410203516483,0.2230219542980194,0.3330209292471409,0.12193084694445133,0.40217209607362747,1.1018170043826103
2.332658041268587,0.22339308634400368,0.33392198383808136,0.12382399290800095,0.3987650852650404,1.1183880269527435
2.3772120475769043,0.26446091942489147,0.3718738444149494,0.1899399794638157,0.5978730041533709,1.9443919882178307
2.414652844890952,0.2380909863859415,0.3536201547831297,0.14712801203131676,0.4929639399051666,1.4333748258650303
2.376160118728876,0.22505596280097961,0.33553619869053364,0.12714089825749397,0.42469403706490993,1.174463890492916
2.3969889152795076,0.234995037317276,0.34358096309006214,0.14929287135601044,0.46599190682172775,1.3441459741443396
2.3572640493512154,0.21666008979082108,0.3311668988317251,0.11929613538086414,0.394958071410656,1.0871789418160915
2.348849084228277,0.22485596127808094,0.3307061269879341,0.11455686762928963,0.3748598974198103,1.0275859385728836
2.607668051496148,0.3914011176675558,0.49397489055991173,0.41011604480445385,0.9539870079606771,2.6726119685918093
2.3765498772263527,0.22973492741584778,0.3429299686104059,0.14905305579304695,0.4812011029571295,1.3024169020354748
2.36077094450593,0.21144095808267593,0.3227309789508581,0.1334820408374071,0.34577492624521255,0.9447489865124226
2.36919685266912,0.25644595734775066,0.3659329377114773,0.19308598712086678,0.6272280588746071,1.8056100234389305
2.383193001151085,0.23908307775855064,0.3466671332716942,0.14899205416440964,0.4985639825463295,1.4572290237993002
2.3827520199120045,0.23481412790715694,0.3508147783577442,0.15545403584837914,0.487722922116518,1.3859339524060488
2.3556421510875225,0.23341202177107334,0.3474880941212177,0.14218897558748722,0.4644698929041624,1.334677916020155
2.4132009129971266,0.22937403991818428,0.33946288749575615,0.13490603305399418,0.444851815700531,1.2689928989857435
2.40187905728817,0.24838000535964966,0.3563149366527796,0.16726693138480186,0.5567839834839106,1.665523974224925
2.3837441112846136,0.24061603471636772,0.35166600719094276,0.1537911593914032,0.5043649580329657,1.4826469123363495
2.3397209588438272,0.23304088972508907,0.34141610376536846,0.14234008267521858,0.4551319871097803,1.3004830107092857
2.333438955247402,0.22053695283830166,0.3325999714434147,0.11838390491902828,0.39924588054418564,1.0663489811122417
2.3847860284149647,0.24688802659511566,0.3573670983314514,0.16581406816840172,0.5684869829565287,1.6471890266984701
2.340652048587799,0.24201790802180767,0.3504841588437557,0.1490321010351181,0.5119591951370239,1.48356007412076
2.358888043090701,0.23615709505975246,0.34324987791478634,0.14464394189417362,0.4853589925915003,1.381186069920659
2.3828931152820587,0.24114688858389854,0.33926195465028286,0.13460521586239338,0.5030629690736532,1.2552270200103521
2.318390877917409,0.2175518311560154,0.3300050739198923,0.11488795280456543,0.4876528400927782,1.0443280916661024
2.3678941652178764,0.24067610502243042,0.3556138835847378,0.1480898354202509,0.6325480062514544,1.4640819281339645
2.311376854777336,0.21799281239509583,0.33145700581371784,0.11901487596333027,0.4965299740433693,1.0617300868034363
2.3731740657240152,0.24635693989694118,0.35219709388911724,0.1555748749524355,0.6709601730108261,1.5840299893170595
2.4336089845746756,0.2519269473850727,0.3589489497244358,0.17007207497954369,0.7107858546078205,1.7089270986616611
2.3193920496851206,0.2419981174170971,0.35031395964324474,0.1510560978204012,0.646424014121294,1.5157710295170546
2.3528961464762688,0.23482507094740868,0.3447330091148615,0.14493498019874096,0.5977218970656395,1.375193940475583
2.3410641588270664,0.21453597582876682,0.3264290280640125,0.13692909851670265,0.4525871481746435,0.9544368367642164
2.357274992391467,0.2161900047212839,0.32893288880586624,0.1401358749717474,0.45792688615620136,0.9847350884228945
2.334361197426915,0.24984311312437057,0.35470188595354557,0.16681593842804432,0.6897170096635818,1.6367491334676743
2.346032066270709,0.23192912340164185,0.3415169194340706,0.14851102605462074,0.5831748712807894,1.3323130551725626
2.3161559365689754,0.2216198481619358,0.33201882615685463,0.13457401655614376,0.48572011291980743,1.0472938884049654
2.3479359224438667,0.21645007655024529,0.3402039874345064,0.11880486272275448,0.4780059680342674,1.0124871041625738
2.3453310132026672,0.2419981174170971,0.3555531147867441,0.15464285388588905,0.6285300478339195,1.4933780767023563
2.31458293274045,0.2365980762988329,0.3451539669185877,0.14231912791728973,0.5871020257472992,1.34118995629251
2.371279988437891,0.22557703778147697,0.3371590282768011,0.13222009874880314,0.529363052919507,1.1719099711626768
2.3435179609805346,0.24824985302984715,0.35022408701479435,0.15220791101455688,0.6587179377675056,1.510170055553317
2.349619986489415,0.2611048985272646,0.36539207212626934,0.18241489306092262,0.7538080681115389,1.8103979527950287
2.354961121454835,0.2468868624418974,0.35208696499466896,0.1679880078881979,0.5397521890699863,1.6676580999046564
2.347836038097739,0.23138802498579025,0.3387720789760351,0.13871211558580399,0.4598910454660654,1.3063040096312761
2.3350021801888943,0.2312681172043085,0.34050503745675087,0.14434289187192917,0.45211706310510635,1.285715028643608
2.3863089736551046,0.26273797266185284,0.3688388969749212,0.19109202548861504,0.6025407928973436,1.909557031467557
2.3654589895159006,0.2238340675830841,0.3356051165610552,0.12827315367758274,0.410707201808691,1.1594260577112436
2.3585271555930376,0.2251660916954279,0.3421781584620476,0.12623891234397888,0.412320950999856,1.159135950729251
2.3376671597361565,0.2419380471110344,0.355282798409462,0.14868099242448807,0.5148649215698242,1.4977171085774899
2.35901796258986,0.233381986618042,0.3435509279370308,0.14049606397747993,0.45152497477829456,1.3230359181761742
2.419463125988841,0.2822340466082096,0.3891668748110533,0.2302860375493765,0.638650031760335,2.3958280216902494
2.351704053580761,0.25252881459891796,0.3620050847530365,0.17151492647826672,0.5789860151708126,1.73016800545156
2.325724111869931,0.24011381901800632,0.352055998519063,0.15058484859764576,0.4950480069965124,1.457330072298646
2.368474844843149,0.2546717878431082,0.3600609488785267,0.16800779849290848,0.560942804440856,1.6884179785847664
2.358947182074189,0.22929394617676735,0.34048501402139664,0.1348049845546484,0.438581220805645,1.2449470814317465
2.3206749465316534,0.23209000937640667,0.3342630807310343,0.1272109802812338,0.4192241467535496,1.162240980193019
2.402990823611617,0.2819639630615711,0.3851188812404871,0.23433403111994267,0.6402821745723486,2.2684759460389614
2.31638690456748,0.2239239402115345,0.33217878080904484,0.1226118765771389,0.39643095806241035,1.098309876397252
2.3758099414408207,0.23823091760277748,0.3521160688251257,0.16259797848761082,0.4943960811942816,1.453242963179946
2.3776828311383724,0.23998506367206573,0.3521870821714401,0.16309809871017933,0.4906489048153162,1.4306488446891308
2.311187097802758,0.2161900047212839,0.3302660770714283,0.12430502101778984,0.38107181899249554,1.032897038385272
2.3839049972593784,0.26986096054315567,0.3737278748303652,0.20306510850787163,0.6066490896046162,2.0289320964366198
2.3182500153779984,0.22310297936201096,0.3343638963997364,0.1231529749929905,0.4084028769284487,1.117456005886197
2.36813398078084,0.2269800752401352,0.3396030515432358,0.13660918921232224,0.4459950141608715,1.2871779035776854
2.3893951438367367,0.23305113427340984,0.3436608240008354,0.1372599508613348,0.4674750380218029,1.2926880735903978
2.418078947812319,0.27060206048190594,0.3742089029401541,0.19579101353883743,0.6123099010437727,2.0317889284342527
2.326717134565115,0.2266399096697569,0.3364169970154762,0.13123801909387112,0.41642901487648487,1.172160031273961
2.367704873904586,0.253420090302825,0.3598509356379509,0.1837681047618389,0.584375811740756,1.7340639606118202
2.358927857130766,0.22163009271025658,0.33150799572467804,0.12181117199361324,0.3888059873133898,1.0726009495556355
2.3383591324090958,0.23594708181917667,0.3415269311517477,0.13839197345077991,0.4589089658111334,1.3118651695549488
2.367543987929821,0.21926499903202057,0.33928314223885536,0.11686095967888832,0.37576211616396904,1.0307019110769033
2.3893238976597786,0.22606784477829933,0.3356859087944031,0.12073805555701256,0.40520704351365566,1.138516003265977
2.364407991990447,0.24507404305040836,0.3427988849580288,0.13980385847389698,0.4665539599955082,1.3148500584065914
2.3882531095296144,0.2643708139657974,0.36904914304614067,0.19036093726754189,0.6097748409956694,1.8967220094054937
2.371931914240122,0.24959305301308632,0.3540799953043461,0.16100495122373104,0.5337309557944536,1.5882370062172413
2.438519150018692,0.31102891080081463,0.4148960579186678,0.28066220693290234,0.7708300836384296,2.6652668602764606
2.3255350533872843,0.2208380028605461,0.33241999335587025,0.12020696885883808,0.4052380099892616,1.0807770304381847
2.33767693862319,0.22069690749049187,0.33038598485291004,0.11529913172125816,0.3890770021826029,1.040440984070301
2.343508182093501,0.21936511620879173,0.3302250988781452,0.11653988622128963,0.37560216151177883,1.0230778716504574
2.4587069638073444,0.2721052151173353,0.3790981136262417,0.22295210510492325,0.6450221408158541,2.1350739989429712
2.396036870777607,0.23785000666975975,0.3497418947517872,0.148391118273139,0.4952480085194111,1.3854929711669683
2.3755389265716076,0.2404949627816677,0.4002081695944071,0.15091616660356522,0.4989849403500557,1.4722791966050863
2.402740065008402,0.23015611805021763,0.3550918772816658,0.12977514415979385,0.4303350578993559,1.2423531152307987
2.3538670502603054,0.2154279500246048,0.33092591911554337,0.14042598195374012,0.3685080446302891,0.9941630996763706
2.364025916904211,0.22433511912822723,0.33354200422763824,0.12676999904215336,0.4003578796982765,1.0894930455833673
2.377773867920041,0.2181630115956068,0.3281619865447283,0.1514269970357418,0.36731595173478127,0.9826710447669029
2.3938040249049664,0.24153804406523705,0.34932210110127926,0.1599229872226715,0.5009591113775969,1.4261810574680567
2.372363116592169,0.23214006796479225,0.34032505936920643,0.13920292258262634,0.4493109881877899,1.2674098834395409
2.402398968115449,0.2350348513573408,0.33370195887982845,0.12347404845058918,0.3988649696111679,1.1357911862432957
2.3781629279255867,0.23353216238319874,0.34444197081029415,0.14446303248405457,0.47610211186110973,1.3498568441718817
2.415725030004978,0.26456103660166264,0.3686279524117708,0.2027840819209814,0.6185208912938833,1.895930152386427
2.3891141172498465,0.2508459147065878,0.3583589568734169,0.1697908155620098,0.5718029569834471,1.7363689839839935
2.373604802414775,0.2409461885690689,0.35762693732976913,0.14895200729370117,0.49637979827821255,1.4312609564512968
2.3467850405722857,0.22177002392709255,0.33620698377490044,0.11662114411592484,0.38670189678668976,1.0543870739638805
2.3735160939395428,0.23044715635478497,0.3388619516044855,0.13174000196158886,0.4238230176270008,1.1958847753703594
2.355920849367976,0.22411393001675606,0.33141812309622765,0.11701206676661968,0.4129719454795122,1.0464121587574482
2.359188161790371,0.23011607117950916,0.3400738351047039,0.13490603305399418,0.46514091081917286,1.2403992004692554
2.338879043236375,0.22205081768333912,0.3331408370286226,0.12039788998663425,0.4230211488902569,1.1046221479773521
2.344670007005334,0.2244750503450632,0.33113686367869377,0.11863396503031254,0.40358398109674454,1.0860869660973549
2.309703966602683,0.21611899137496948,0.32723997719585896,0.14443299733102322,0.3742880653589964,0.9672718588262796
2.3899259977042675,0.2354159951210022,0.3471879754215479,0.16441196203231812,0.4879340995103121,1.4037189539521933
2.416907111182809,0.274779973551631,0.38189301267266273,0.2323300577700138,0.6305449642241001,2.191790845245123
2.3357239551842213,0.21917512640357018,0.33135712146759033,0.1255180686712265,0.40193088352680206,1.092027872800827
2.356854034587741,0.2410269808024168,0.35650492645800114,0.15393109060823917,0.505868112668395,1.459124032407999
2.364157931879163,0.2390630543231964,0.34642615355551243,0.1416378654539585,0.47136307694017887,1.3793620746582747
2.316798083484173,0.22690021432936192,0.33632712438702583,0.13243104331195354,0.4339821171015501,1.1875000782310963
2.3830619174987078,0.24687801487743855,0.3550120163708925,0.1596419606357813,0.530976103618741,1.5828169416636229
2.370468806475401,0.23799086920917034,0.34597585909068584,0.14307117089629173,0.46841707080602646,1.3762558810412884
2.341293031349778,0.22564688697457314,0.33403211273252964,0.12601795606315136,0.4003781359642744,1.1213729158043861
2.3330789990723133,0.22306316532194614,0.33406284637749195,0.12335414066910744,0.4018908366560936,1.1162539012730122
2.3511929903179407,0.2245351206511259,0.33264001831412315,0.12286310084164143,0.40044798515737057,1.1179570574313402
2.377062104642391,0.24205888621509075,0.34836912527680397,0.17110398039221764,0.4951779264956713,1.4619778376072645
2.442434895783663,0.29356591403484344,0.39938604459166527,0.2496829256415367,0.641124090179801,2.5479448959231377
2.3617330007255077,0.22853189148008823,0.3369480837136507,0.13119913637638092,0.4246239550411701,1.2046911288052797
2.3292009718716145,0.22748997434973717,0.3354661166667938,0.1299460418522358,0.427871011197567,1.1835519690066576
2.3729430977255106,0.23980415426194668,0.3591901622712612,0.1529401633888483,0.48491801135241985,1.444695983082056
2.3343211505562067,0.2198361326009035,0.33156806603074074,0.11770310811698437,0.38164202123880386,1.0236480738967657
2.3880430962890387,0.24878117255866528,0.3571868874132633,0.1627681776881218,0.5448220763355494,1.669272081926465
2.376049989834428,0.25705620646476746,0.364100094884634,0.1909220591187477,0.5696488078683615,1.7857819329947233
2.3326880764216185,0.23140804842114449,0.33951294608414173,0.13691000640392303,0.4377590958029032,1.2584731448441744
2.369838999584317,0.25477190501987934,0.3518969751894474,0.17307791858911514,0.5306149832904339,1.5773770865052938
2.3450518492609262,0.22396491840481758,0.3308570012450218,0.11621997691690922,0.3821728751063347,1.0492370929569006
2.410304034128785,0.2833569888025522,0.38765394128859043,0.22379402071237564,0.6349419709295034,2.3763198405504227
2.3525350261479616,0.22422499023377895,0.33503491431474686,0.12690015137195587,0.4110080190002918,1.1589138302952051
2.4053449742496014,0.2740100026130676,0.3816429525613785,0.20895595662295818,0.6091129034757614,2.1556930150836706
2.3670729715377092,0.24190801195800304,0.34721801057457924,0.14883186668157578,0.48049003817141056,1.434786943718791
2.387411193922162,0.22507598623633385,0.3498219884932041,0.12891413643956184,0.41915406472980976,1.2010440696030855
2.3491091560572386,0.2287430688738823,0.3423779271543026,0.13019703328609467,0.4226511809974909,1.2186979874968529
2.352335024625063,0.2366581466048956,0.34454301930963993,0.14106696471571922,0.4550220910459757,1.352751860395074
2.53371917642653,0.2408160362392664,0.3460149746388197,0.1836379524320364,0.47103199176490307,1.388350035995245
2.5690458714962006,0.2580988220870495,0.36062300205230713,0.17260690219700336,0.567935872823,1.7292951233685017
2.396108116954565,0.23885304108262062,0.34570484422147274,0.14364207163453102,0.469499034807086,1.3749850913882256
2.410885877907276,0.23615709505975246,0.3441520966589451,0.141537981107831,0.45372918248176575,1.3387759681791067
2.3830728605389595,0.2313479781150818,0.34161703661084175,0.14060712419450283,0.4545107949525118,1.3214328791946173
2.482291078194976,0.24835090152919292,0.35481201484799385,0.16326992772519588,0.5356050096452236,1.636910019442439
2.3567741736769676,0.23715896531939507,0.3474878612905741,0.15648710541427135,0.48261391930282116,1.4151299837976694
2.4175490252673626,0.2761229407042265,0.37217396311461926,0.19414699636399746,0.7051860447973013,1.9863718189299107
2.349711023271084,0.22439518943428993,0.3357150126248598,0.1151480246335268,0.4873031284660101,1.039538998156786
2.402890007942915,0.2757119946181774,0.38876617327332497,0.22348295897245407,0.6268271245062351,2.183003816753626
2.3531659971922636,0.22584712132811546,0.3362859133630991,0.12416508980095387,0.4084431566298008,1.1392571032047272
2.426896011456847,0.2328711561858654,0.34283893182873726,0.13901293277740479,0.44622505083680153,1.2985789217054844
2.3722131736576557,0.24661701172590256,0.3553931601345539,0.16530300490558147,0.5360650829970837,1.6242361161857843
2.414962975308299,0.2657731529325247,0.37330714985728264,0.20199292339384556,0.5943858996033669,2.052175812423229
2.4235001765191555,0.25992211885750294,0.37024100311100483,0.18780608661472797,0.5923409480601549,1.9164090044796467
2.4990530218929052,0.29432796873152256,0.42203906923532486,0.24750805459916592,0.6368160247802734,2.6223468594253063
2.3351539857685566,0.22798101417720318,0.35100500099360943,0.13600708916783333,0.449951970949769,1.261328812688589
2.3630959913134575,0.2270198892802,0.3389120101928711,0.12922496534883976,0.42217900045216084,1.2043907772749662
2.3030820302665234,0.2248859964311123,0.33617601729929447,0.12795301154255867,0.41202083230018616,1.1724801734089851
2.37298384308815,0.24226796813309193,0.3597908653318882,0.16347994096577168,0.5271479021757841,1.5380519907921553
2.3643069434911013,0.22423500195145607,0.3396628890186548,0.12660003267228603,0.415547052398324,1.1862360406666994
2.3555809166282415,0.21987687796354294,0.33161789178848267,0.11792313307523727,0.3796389792114496,1.0733830276876688
2.3684860207140446,0.2329619601368904,0.34181796945631504,0.13915402814745903,0.4442320205271244,1.3195481151342392
2.3489180020987988,0.23138802498579025,0.3328109160065651,0.12214202433824539,0.3983238711953163,1.1037900112569332
2.3723728954792023,0.2615358680486679,0.3676069900393486,0.18388894386589527,0.5736160092055798,1.8763828556984663
2.4091731756925583,0.23474404588341713,0.34544384106993675,0.1491219736635685,0.48389704897999763,1.390131888911128
2.480196999385953,0.29395613819360733,0.4026328679174185,0.2463271375745535,0.6384090520441532,2.653073985129595
2.409592969343066,0.259521184489131,0.36666402593255043,0.1844388898462057,0.5984639283269644,1.84803013689816
2.3201839067041874,0.22641895338892937,0.33888197503983974,0.12908410280942917,0.4260570276528597,1.2040510773658752
2.3379370104521513,0.23657805286347866,0.342759070917964,0.14012493193149567,0.46113296411931515,1.3384951744228601
2.386189065873623,0.23954291827976704,0.35396101884543896,0.1569380983710289,0.48637110739946365,1.4535430818796158
2.331304829567671,0.23466511629521847,0.35021291114389896,0.15315995551645756,0.461063114926219,1.3465899974107742
2.3647581692785025,0.23694895207881927,0.3473181277513504,0.14557503163814545,0.48824492841959,1.4101099222898483
2.4077598936855793,0.2315179444849491,0.33928314223885536,0.13720989227294922,0.44791889376938343,1.2422630097717047
2.3941851686686277,0.22406503558158875,0.3333520144224167,0.1218810211867094,0.4019110929220915,1.1077879462391138
2.4130609817802906,0.2245649229735136,0.33762003295123577,0.1324499025940895,0.42671896517276764,1.2219338677823544
2.350962022319436,0.2220110036432743,0.33552502281963825,0.1233639195561409,0.3994470462203026,1.143275061622262
2.3859781213104725,0.23409398272633553,0.3417879343032837,0.1364089548587799,0.4532379098236561,1.303959870710969
2.408050000667572,0.2624969929456711,0.36897906102240086,0.1996578648686409,0.6037740968167782,1.8809218890964985
2.3692960385233164,0.23200013674795628,0.33088703639805317,0.11968589387834072,0.3884348552674055,1.0727010667324066
2.385087078437209,0.2342939842492342,0.34233881160616875,0.14075706712901592,0.45282812789082527,1.3130770530551672
2.483694115653634,0.2480088733136654,0.35597383975982666,0.18047192133963108,0.5630860105156898,1.6524801030755043
2.4861490819603205,0.22572698071599007,0.35100500099360943,0.12612901628017426,0.4119500517845154,1.1933099012821913
2.5277892127633095,0.21931505762040615,0.332079129293561,0.11209188960492611,0.3855701070278883,1.0625519789755344
2.4998041335493326,0.21516717970371246,0.32754987478256226,0.11384603567421436,0.3779351245611906,1.008420018479228
2.5223258417099714,0.2577980048954487,0.36582211032509804,0.17670518718659878,0.5872019100934267,1.8154392018914223
2.4314038455486298,0.22979499772191048,0.33967290073633194,0.1351961400359869,0.44314912520349026,1.2476330157369375
2.352596027776599,0.2244650386273861,0.3353350330144167,0.12528710067272186,0.4074219614267349,1.1619299184530973
2.3565231822431087,0.24086609482765198,0.34690694883465767,0.14914199709892273,0.4854588769376278,1.452009892091155
2.35931808128953,0.24933204986155033,0.3578381147235632,0.16827904619276524,0.5430181045085192,1.6212097834795713
2.3851371370255947,0.2627880312502384,0.36922888830304146,0.1861019991338253,0.5951970815658569,1.90455699339509
2.350191120058298,0.2287530805915594,0.338731799274683,0.12941495515406132,0.4240230191498995,1.2086390051990747
2.372703980654478,0.24332106113433838,0.35180593840777874,0.15538395382463932,0.5109580233693123,1.5279040671885014
2.373022958636284,0.22308318875730038,0.34474278800189495,0.12625893577933311,0.40133995935320854,1.126522896811366
2.3846058174967766,0.23084692656993866,0.346616143360734,0.131318811327219,0.4349641967564821,1.25852320343256
2.4158149026334286,0.26477198116481304,0.3649909049272537,0.18271594308316708,0.5869921296834946,1.8123721238225698
2.3808088153600693,0.26478199288249016,0.3660230431705713,0.19454886205494404,0.5872328765690327,1.8546029459685087
2.399543998762965,0.2681079786270857,0.3710330929607153,0.21317391656339169,0.6083720363676548,2.001171000301838
2.486339071765542,0.31310180202126503,0.4193538334220648,0.2760528586804867,0.785948010161519,2.691467059776187
2.4365850258618593,0.2205281052738428,0.3325499128550291,0.11828402057290077,0.3923531621694565,1.0705972090363503
2.514762803912163,0.25388109497725964,0.36397879011929035,0.17853803001344204,0.6076311692595482,1.7606650944799185
2.4985820055007935,0.23676804266870022,0.3452941309660673,0.14176801778376102,0.4694389645010233,1.3640630058944225
2.7383151464164257,0.2297959290444851,0.33770897425711155,0.13101892545819283,0.42477413080632687,1.2079381849616766
2.7922368608415127,0.23892289027571678,0.3498019650578499,0.15304004773497581,0.49170106649398804,1.4670880045741796
2.8028078377246857,0.2301149070262909,0.34625595435500145,0.12838304974138737,0.429854029789567,1.2352089397609234
2.7667100075632334,0.23181899450719357,0.3431900404393673,0.12806314043700695,0.45033288188278675,1.234167953953147
2.6761589106172323,0.21747197024524212,0.3288029693067074,0.14272984117269516,0.3665550611913204,1.0218450333923101
2.6336589362472296,0.20992709323763847,0.3232720773667097,0.13109901919960976,0.33541605807840824,0.9124381467700005
2.530942903831601,0.21364400163292885,0.3250150475651026,0.13700895942747593,0.3466270864009857,0.9395801462233067
2.5207640137523413,0.2583391033113003,0.3654519096016884,0.18502096645534039,0.5854188930243254,1.8298649229109287
2.4665212258696556,0.21254317834973335,0.3206571564078331,0.12903520837426186,0.3387811593711376,0.9187799878418446
2.5854159612208605,0.241817906498909,0.3404049202799797,0.14488492161035538,0.4641988780349493,1.312826992943883
2.6278661098331213,0.2544419839978218,0.3604430239647627,0.1721060834825039,0.5689379759132862,1.7303379718214273
2.4955160915851593,0.24071615189313889,0.3467060159891844,0.15137717127799988,0.48460811376571655,1.4164319727569818
2.5058751925826073,0.22748997434973717,0.33600605092942715,0.13039587065577507,0.4398731980472803,1.157501945272088
2.458857139572501,0.2337428741157055,0.35089487209916115,0.1503948587924242,0.46455999836325645,1.32347596809268
2.508491976186633,0.2629279624670744,0.37306686863303185,0.1889870036393404,0.5918310489505529,1.850765198469162
2.463374985381961,0.21622912026941776,0.327069079503417,0.13590697199106216,0.3605529200285673,0.9802358690649271
2.5029201060533524,0.24885195307433605,0.355633907020092,0.16976217739284039,0.546806026250124,1.6374611295759678
2.5185798294842243,0.2517770044505596,0.34716702066361904,0.15842984430491924,0.4937651101499796,1.4320621266961098
2.500304952263832,0.24890084750950336,0.34132692962884903,0.13917312026023865,0.4532979801297188,1.2899430003017187
2.4604788050055504,0.2539509441703558,0.35560294054448605,0.1886468380689621,0.5430078599601984,1.6713750082999468
2.5092321448028088,0.28145313262939453,0.38468907587230206,0.21632900461554527,0.6487278733402491,2.248498145490885
2.414492890238762,0.23991381749510765,0.3474080003798008,0.15057483687996864,0.4939958453178406,1.4329738914966583
2.5125599931925535,0.2925849985331297,0.3994868602603674,0.24104584008455276,0.6568240933120251,2.562454203143716
2.4804382119327784,0.24517509154975414,0.3528690431267023,0.15631597489118576,0.51636784337461,1.5609259717166424
2.4825609289109707,0.2262380439788103,0.34262891858816147,0.12498698197305202,0.40869414806365967,1.1657571885734797
2.4968180805444717,0.23725908249616623,0.3393429797142744,0.12483587488532066,0.4175209905952215,1.1680519673973322
2.482761861756444,0.2278310712426901,0.3366468008607626,0.1277318224310875,0.42157783173024654,1.2316328939050436
2.4493890814483166,0.21785194985568523,0.3281210083514452,0.11558900587260723,0.37667411379516125,1.016936032101512
2.4105750489979982,0.24473294615745544,0.3417171537876129,0.13633794151246548,0.4869319964200258,1.2981879990547895
2.357715042307973,0.22753095254302025,0.3369480837136507,0.1292540691792965,0.4246251191943884,1.185795059427619
2.3802591022104025,0.2666148357093334,0.3740880638360977,0.20966678857803345,0.6122090853750706,2.016217913478613
2.4106460623443127,0.23250002413988113,0.34106592647731304,0.14558597467839718,0.45024207793176174,1.2910449877381325
2.351202070713043,0.24105585180222988,0.3478389699012041,0.152248190715909,0.5006480496376753,1.4615580439567566
2.3560819681733847,0.23043598048388958,0.3392931539565325,0.13226084411144257,0.43900194577872753,1.2467510532587767
2.355540869757533,0.22747088223695755,0.3380398266017437,0.13143918476998806,0.4297939594835043,1.227986067533493
2.346063032746315,0.23059709928929806,0.3396139945834875,0.13428390957415104,0.4463649820536375,1.3032080605626106
2.4002459831535816,0.26035308837890625,0.3754307981580496,0.18355785869061947,0.6002471782267094,1.8813139759004116
2.342996886000037,0.2291640266776085,0.3404649905860424,0.12570805847644806,0.4127419088035822,1.1734329164028168
2.4245930835604668,0.24382187984883785,0.35048299469053745,0.16780802980065346,0.5182009190320969,1.5189461410045624
2.335052937269211,0.22779102437198162,0.33900211565196514,0.12948503717780113,0.4246239550411701,1.2077570427209139
2.330272924154997,0.23423414677381516,0.3432601224631071,0.13855285942554474,0.4497608169913292,1.309380168095231
2.3586370516568422,0.23752893321216106,0.33921306021511555,0.13724016025662422,0.44371001422405243,1.2442870065569878
2.3434481117874384,0.2326809335500002,0.3385208547115326,0.13182987459003925,0.430976040661335,1.2315521016716957
2.3729740642011166,0.22177980281412601,0.3320891410112381,0.11983700096607208,0.392083078622818,1.0908360127359629
2.3875210899859667,0.2517059911042452,0.35866908729076385,0.18884800374507904,0.5563539452850819,1.6693011857569218
2.3549399338662624,0.2303561195731163,0.3406351897865534,0.1377509906888008,0.4404350183904171,1.2469419743865728
2.344640903174877,0.23207999765872955,0.34236907958984375,0.1366790384054184,0.44570514000952244,1.3079170603305101
2.3810588754713535,0.25640614330768585,0.3678160719573498,0.19040005281567574,0.5973621737211943,1.773688942193985
2.336926991119981,0.20979694090783596,0.3269889857620001,0.13338192366063595,0.3384309820830822,0.9183092042803764
2.3585068993270397,0.22086803801357746,0.3314879722893238,0.12375484220683575,0.38422783836722374,1.0612201876938343
2.335262019187212,0.2294350415468216,0.3368079196661711,0.13063685037195683,0.4245240706950426,1.2101230677217245
2.3848158307373524,0.2412768080830574,0.3503630869090557,0.1524288672953844,0.4997870419174433,1.4794529415667057
2.3333579301834106,0.2098178956657648,0.3235118929296732,0.1295160036534071,0.34255790524184704,0.9380069095641375
2.4259041529148817,0.22647902369499207,0.3388610202819109,0.13028597459197044,0.41970517486333847,1.190084032714367
2.407509135082364,0.24784915149211884,0.3537100274115801,0.1574680209159851,0.5140630528330803,1.5425211749970913
2.4621631018817425,0.32760086469352245,0.4331599920988083,0.2968721091747284,0.7988328579813242,2.692157868295908
2.377062104642391,0.25079515762627125,0.35508302971720695,0.16689603216946125,0.5567839834839106,1.6592119354754686
2.369107911363244,0.253249891102314,0.3528881352394819,0.15644612722098827,0.5247530061751604,1.5284039545804262
2.373975934460759,0.2494619693607092,0.357756856828928,0.15553482808172703,0.5167389754205942,1.5337951481342316
2.3791249841451645,0.2537909895181656,0.3671450540423393,0.1752621028572321,0.5956280510872602,1.7304569482803345
2.330031944438815,0.21264213137328625,0.3247151616960764,0.13141892850399017,0.3444019239395857,0.9374660439789295
2.426404971629381,0.24352199397981167,0.35262806341052055,0.17000199295580387,0.5250438116490841,1.50290597230196
2.3790549021214247,0.22950489073991776,0.33948314376175404,0.138541916385293,0.4450830165296793,1.2493960093706846
2.3885529953986406,0.2540519926697016,0.3607438411563635,0.17476105131208897,0.5714320577681065,1.7389841377735138
2.556932857260108,0.23452402092516422,0.34279911778867245,0.14100689440965652,0.4615338984876871,1.337673980742693
2.667643129825592,0.2447927836328745,0.3550429828464985,0.17609400674700737,0.5538689438253641,1.6421698965132236
2.7348389849066734,0.22118911147117615,0.3343629650771618,0.12563797645270824,0.4032738506793976,1.1190290097147226
2.832283964380622,0.28144288808107376,0.38633099757134914,0.2376700285822153,0.6335701327770948,2.293583005666733
2.732153981924057,0.2281020861119032,0.337779987603426,0.14416314661502838,0.4248139448463917,1.185916131362319
2.825910924002528,0.2320888452231884,0.3427690826356411,0.14321086928248405,0.4559839144349098,1.3003130443394184
2.770897001028061,0.21159090101718903,0.3345031291246414,0.13399403542280197,0.3447430208325386,0.9409119375050068
2.7571110986173153,0.22568786516785622,0.340835889801383,0.13401382602751255,0.4317169077694416,1.194752985611558
2.720752963796258,0.2333919983357191,0.3423178568482399,0.13767089694738388,0.44568395242094994,1.3006930239498615
2.779673784971237,0.23321202024817467,0.337149016559124,0.12811296619474888,0.4361059982329607,1.1837410274893045
2.729579107835889,0.22649881429970264,0.3322290722280741,0.11864490807056427,0.38815499283373356,1.087299082428217
2.7889010962098837,0.25062495842576027,0.3584190271794796,0.1705328468233347,0.5648990627378225,1.7127238679677248
2.709721913561225,0.23067696020007133,0.33948314376175404,0.13534585013985634,0.4426180385053158,1.235349802300334
2.8074670117348433,0.26106485165655613,0.3656728658825159,0.1999889500439167,0.6256450433284044,1.854641828685999
2.755578141659498,0.22282195277512074,0.3318891394883394,0.1206081360578537,0.3903089091181755,1.0661499109119177
2.8197409119457006,0.21799304522573948,0.3283410333096981,0.1402050256729126,0.37005101330578327,0.9958159644156694
2.82119307667017,0.21919491700828075,0.33082696609199047,0.11971592903137207,0.382603844627738,1.0676130186766386
2.7051030192524195,0.21657999604940414,0.3339429385960102,0.13618683442473412,0.3581580240279436,0.9900548029690981
2.7551569510251284,0.23224996402859688,0.3459448926150799,0.1407461240887642,0.44605392031371593,1.2685121037065983
2.7383859269320965,0.26174611411988735,0.36741606891155243,0.18679304048419,0.5934040527790785,1.8864029552787542
2.6208730414509773,0.23860204964876175,0.346215907484293,0.14786003157496452,0.4756809212267399,1.4085571747273207
2.7488558553159237,0.21650991402566433,0.327100045979023,0.13370299711823463,0.3575871232897043,0.9849248453974724
2.7647658716887236,0.24014501832425594,0.3499130252748728,0.15434296801686287,0.5002778489142656,1.4596651308238506
2.5739141274243593,0.22669904865324497,0.33454294316470623,0.12474693357944489,0.411689979955554,1.1307711247354746
2.4277481716126204,0.23710913956165314,0.3460659645497799,0.15293993055820465,0.47560082748532295,1.3865060172975063
2.38730083219707,0.22840313613414764,0.33958395943045616,0.1409670803695917,0.4374091513454914,1.2744429986923933
2.3337099701166153,0.22933399304747581,0.3308570012450218,0.11605978943407536,0.3751209005713463,1.0462410282343626
2.3908279836177826,0.2266201190650463,0.33479416742920876,0.12726197019219398,0.4084839019924402,1.1373830493539572
2.352494979277253,0.22277189418673515,0.3306057769805193,0.11850404553115368,0.3824650775641203,1.0627531446516514
2.383073093369603,0.2547919284552336,0.3720850218087435,0.17014192417263985,0.5614629480987787,1.7111108172684908
2.3942238185554743,0.22994610480964184,0.3414768725633621,0.13660802505910397,0.4448019899427891,1.2817778624594212
2.450841013342142,0.24187820963561535,0.34978194162249565,0.17022201791405678,0.5534179508686066,1.5096089337021112
2.4092039093375206,0.2325698733329773,0.3403150476515293,0.13456400483846664,0.436937902122736,1.2572810519486666
2.39688903093338,0.22428389638662338,0.3300448879599571,0.11458690278232098,0.41913404129445553,1.0462310165166855
2.425021957606077,0.21607894450426102,0.3264080733060837,0.13680895790457726,0.45708613470196724,0.9786731097847223
2.3964978754520416,0.22678007371723652,0.33682817593216896,0.1349351368844509,0.5267269443720579,1.1716489680111408
2.4794761557132006,0.25378004647791386,0.35994104109704494,0.1776670105755329,0.7158860098570585,1.7129641491919756
2.4401210248470306,0.2504941076040268,0.3559140022844076,0.17930986359715462,0.6958979647606611,1.6505159437656403
2.484625903889537,0.30377600342035294,0.4084531683474779,0.26826816610991955,0.9409917984157801,2.687289146706462
2.4040420539677143,0.23814081214368343,0.3445330075919628,0.14616688713431358,0.5843869876116514,1.366127049550414
2.3908691946417093,0.22209109738469124,0.33883098512887955,0.12068799696862698,0.3924430347979069,1.0863780044019222
2.4662911891937256,0.21449592895805836,0.32772007398307323,0.12862402945756912,0.3355459775775671,0.9358329698443413
2.41295900195837,0.22786203771829605,0.3287629224359989,0.14112796634435654,0.3624861128628254,0.9851658251136541
2.419000957161188,0.2632879186421633,0.36334781907498837,0.18601305782794952,0.5963391158729792,1.786304172128439
2.397140022367239,0.24254899471998215,0.3508748486638069,0.15857000835239887,0.5124500021338463,1.500721788033843
2.38062790594995,0.22496609017252922,0.33371197059750557,0.12222095392644405,0.41334214620292187,1.0949638672173023
2.419212134554982,0.24486402980983257,0.34380098804831505,0.15049497596919537,0.5040550604462624,1.3799741864204407
2.412297995761037,0.23857108317315578,0.33494411036372185,0.1270710490643978,0.4154159687459469,1.1517808306962252
2.359498990699649,0.23328210227191448,0.3414258826524019,0.1414779108017683,0.45708497054874897,1.306645106524229
2.4720921646803617,0.2605339977890253,0.3696898929774761,0.1992480829358101,0.5977319087833166,1.8518471624702215
2.405395032837987,0.22163009271025658,0.3313778433948755,0.11821300722658634,0.3855298273265362,1.0676521342247725
2.3995041847229004,0.23236009292304516,0.36335806362330914,0.13695983216166496,0.43866108171641827,1.270074862986803
2.3643169552087784,0.24192803539335728,0.36338786594569683,0.1562859397381544,0.49676094204187393,1.447971910238266
2.449388848617673,0.27858815155923367,0.3855000250041485,0.23255101405084133,0.6188009865581989,2.2731940262019634
2.3706688079982996,0.22997497580945492,0.33804005943238735,0.13028690591454506,0.4409148823469877,1.21332798153162
2.4012078065425158,0.23384299129247665,0.3418070264160633,0.1452451106160879,0.4514050669968128,1.2931500095874071
2.4026199243962765,0.22645900025963783,0.3342730924487114,0.13419403694570065,0.40883407928049564,1.1380761861801147
2.3731840774416924,0.22976496256887913,0.33944216556847095,0.13938406482338905,0.4390410613268614,1.2720490340143442
2.40883301012218,0.26210607029497623,0.3610330168157816,0.1834970898926258,0.5876929499208927,1.7621570732444525
2.4394409265369177,0.2493720967322588,0.3543710336089134,0.16037398017942905,0.5280401092022657,1.6032971907407045
2.415854949504137,0.2369079738855362,0.34240889362990856,0.14048605225980282,0.47038099728524685,1.369123114272952
2.395506016910076,0.23014587350189686,0.33579603768885136,0.1284328754991293,0.41936407797038555,1.206415006890893
2.4025500752031803,0.23827212862670422,0.3533298149704933,0.14508492313325405,0.48682186752557755,1.394371036440134
2.3748669773340225,0.2231718972325325,0.3386111930012703,0.1256079412996769,0.4038349725306034,1.1293089482933283
2.4211248382925987,0.2358369529247284,0.34387107007205486,0.1412678975611925,0.45863911509513855,1.3379331212490797
2.3609809577465057,0.23475498892366886,0.3415369428694248,0.1389831304550171,0.4583380650728941,1.326061086729169
2.387531101703644,0.22893305867910385,0.3374789375811815,0.12873299419879913,0.413672998547554,1.1981891002506018
2.350572030991316,0.2257071901112795,0.3360370174050331,0.12400490231812,0.4046158865094185,1.1595359537750483
2.409934066236019,0.23316219449043274,0.3429190255701542,0.14819088391959667,0.453840009868145,1.3209220487624407
2.3558710236102343,0.22205989807844162,0.3332009073346853,0.1223620492964983,0.3850799985229969,1.071658916771412
2.3370750714093447,0.21263305097818375,0.32350304536521435,0.12935511767864227,0.34194812178611755,0.9240100625902414
2.355750882998109,0.21168100647628307,0.3231021109968424,0.12896396219730377,0.3329310566186905,0.9116560686379671
2.3433580063283443,0.22209086455404758,0.3310372121632099,0.12377509847283363,0.4752699751406908,1.0728018824011087
2.3660098668187857,0.2238340675830841,0.33396296203136444,0.12127007357776165,0.5090238992124796,1.1560688726603985
2.4208449758589268,0.254231970757246,0.3674859181046486,0.18607312813401222,0.7251731585711241,1.7075431533157825
2.4036529939621687,0.2881449181586504,0.3927538637071848,0.2126130275428295,0.7797470316290855,2.2439700551331043
2.3732949048280716,0.2382111269980669,0.3485798370093107,0.15365099534392357,0.6251637823879719,1.4389948919415474
2.376219956204295,0.22566807456314564,0.3365569282323122,0.1322000753134489,0.4331800155341625,1.187710091471672
2.3805380333215,0.24170801043510437,0.3494520206004381,0.16511301510035992,0.5122099537402391,1.5019439160823822
2.3672429379075766,0.2331810537725687,0.34177699126303196,0.13996497727930546,0.46755606308579445,1.3233060017228127
2.354909898713231,0.23153796792030334,0.34219888038933277,0.14072610065340996,0.44965208508074284,1.3093599118292332
2.3677938152104616,0.24431315250694752,0.3517270088195801,0.15819002874195576,0.5121200811117887,1.5480720903724432
2.3858780041337013,0.24834019131958485,0.35341992042958736,0.17746584489941597,0.5254750140011311,1.5866640023887157
2.437948016449809,0.3004490863531828,0.4031530115753412,0.2711629495024681,0.6639068014919758,2.6715900748968124
2.37703206948936,0.24667801335453987,0.35329884849488735,0.16360986046493053,0.539632048457861,1.5868560876697302
2.335352124646306,0.22215093486011028,0.3377390094101429,0.1197869423776865,0.3915419802069664,1.0981601662933826
2.3634659592062235,0.23586605675518513,0.3464859910309315,0.1376511063426733,0.4567450378090143,1.2902328744530678
2.409623935818672,0.2632490359246731,0.3681168891489506,0.19855587743222713,0.5944659933447838,1.8962810281664133
2.3204549215734005,0.21666008979082108,0.32842205837368965,0.14334195293486118,0.3676170017570257,1.000615069642663
2.3797268513590097,0.2238340675830841,0.3360260743647814,0.13533607125282288,0.4224199801683426,1.1923180427402258
2.3171978536993265,0.21825311705470085,0.3315778449177742,0.12116995640099049,0.3820329438894987,1.0601079557090998
2.365891123190522,0.22837216965854168,0.3309170715510845,0.11715106666088104,0.3998870961368084,1.044037053361535
2.3387200199067593,0.21513691172003746,0.32600807026028633,0.13171904720366,0.3551018889993429,0.9671011939644814
2.39157909527421,0.2457860391587019,0.351425027474761,0.16782688908278942,0.514353858307004,1.5341360121965408
2.426966093480587,0.2570969518274069,0.3611440770328045,0.17869798466563225,0.5904079880565405,1.7685890197753906
2.356583019718528,0.22462522611021996,0.33534481190145016,0.12604892253875732,0.4179410170763731,1.1404999531805515
2.3552309721708298,0.22621802054345608,0.33467402681708336,0.1270109787583351,0.40653999894857407,1.1395779438316822
2.365589840337634,0.26215589605271816,0.3911098465323448,0.17708493396639824,0.5811210721731186,1.8033350352197886
2.367092063650489,0.22765109315514565,0.3372591454535723,0.12078788131475449,0.40610902942717075,1.1376349721103907
2.4089920334517956,0.2218899317085743,0.3320891410112381,0.11307396925985813,0.38343598134815693,1.0594469495117664
2.4677629116922617,0.25733793154358864,0.3619350027292967,0.18371804617345333,0.5767620168626308,1.732893055304885
2.435934031382203,0.234134029597044,0.3393529914319515,0.13614795170724392,0.4359849262982607,1.252471935003996
2.4008480831980705,0.24828012101352215,0.35257800482213497,0.17228699289262295,0.5353239830583334,1.5661159995943308
2.3830828722566366,0.22618798539042473,0.33582584001123905,0.1260479912161827,0.4167398437857628,1.1231370735913515
2.4196819867938757,0.27638417668640614,0.3767330199480057,0.20563998259603977,0.6075398996472359,2.0914708729833364
2.341313986107707,0.21779187954962254,0.3256569616496563,0.13743992894887924,0.3525880165398121,0.9365938603878021
2.436453942209482,0.2640599850565195,0.36821700632572174,0.2009898889809847,0.5943658761680126,1.9184229895472527
2.4001148995012045,0.27514086104929447,0.37313695065677166,0.21208194084465504,0.59546809643507,1.9154269248247147
2.3774730507284403,0.22807205095887184,0.34557399339973927,0.13140891678631306,0.41411491110920906,1.1599971912801266
2.467422978952527,0.23704883642494678,0.3486298955976963,0.1600729301571846,0.4775039851665497,1.3593740295618773
2.5151839945465326,0.25970209389925003,0.36703492514789104,0.18821610137820244,0.58927689678967,1.8360370304435492
2.3270570673048496,0.21243281662464142,0.32544718123972416,0.12939516454935074,0.33741886727511883,0.9437669068574905
2.3511420004069805,0.22739102132618427,0.33486494794487953,0.1316489651799202,0.4163379780948162,1.145289046689868
2.386869862675667,0.23121805861592293,0.34127687104046345,0.14552590437233448,0.44406112283468246,1.2928589712828398
2.3744970094412565,0.220458023250103,0.3304060082882643,0.11989683844149113,0.3853000234812498,1.069005113095045
2.405185019597411,0.26594381779432297,0.37368712946772575,0.19682315178215504,0.6068190559744835,1.9894170109182596
2.3347910027951,0.22085802629590034,0.3295938950031996,0.1142758410423994,0.372846145182848,1.0284369345754385
2.332516945898533,0.23530609905719757,0.3437008708715439,0.1447838731110096,0.4596610087901354,1.3630019966512918
2.453366992995143,0.29053003527224064,0.3937450237572193,0.23660808801651,0.6441602017730474,2.4659500923007727
2.442286117002368,0.27459999546408653,0.3957401495426893,0.21142000332474709,0.6242920644581318,2.0960390102118254
2.361621940508485,0.22779195569455624,0.3392118960618973,0.13038702309131622,0.4058391787111759,1.1406198609620333
2.3251939564943314,0.22503710351884365,0.33726892434060574,0.1316489651799202,0.4153668414801359,1.1662491597235203
2.327317837625742,0.22395397536456585,0.3329899627715349,0.1215201336890459,0.3980537876486778,1.11264712177217
2.393322065472603,0.2594911493360996,0.35781715996563435,0.16807811334729195,0.5605618935078382,1.6906210221350193
2.393833128735423,0.2643011976033449,0.3675059415400028,0.182796036824584,0.5892959889024496,1.9046780653297901
2.3978508543223143,0.24246890097856522,0.3482189495116472,0.15144608914852142,0.5035439971834421,1.4539340045303106
2.4622539058327675,0.2563660964369774,0.3622050862759352,0.17405999824404716,0.5809001158922911,1.762158004567027
2.462523989379406,0.2488819882273674,0.3555531147867441,0.1620070543140173,0.5543399602174759,1.6202579718083143
2.4582750629633665,0.25606504641473293,0.35944092087447643,0.1812430564314127,0.5716930609196424,1.7632490489631891
2.341895131394267,0.21225190721452236,0.32546580769121647,0.13409391976892948,0.35317917354404926,0.9388979524374008
2.422136953100562,0.251546036452055,0.3634979948401451,0.17934991046786308,0.5509129259735346,1.662297872826457
2.4009670596569777,0.22693886421620846,0.33910199999809265,0.13291207142174244,0.4130417946726084,1.1443179100751877
2.345903078094125,0.22957404144108295,0.3372989594936371,0.13198982924222946,0.42252009734511375,1.1734729632735252
2.3344410583376884,0.2299048937857151,0.3384309820830822,0.13403384946286678,0.43396209366619587,1.232604030519724
2.34505208209157,0.2224920317530632,0.331386923789978,0.11899508535861969,0.38681202568113804,1.0582939721643925
2.320445142686367,0.23207906633615494,0.3374489024281502,0.12968597002327442,0.4337918944656849,1.2177659664303064
2.362234052270651,0.2510759513825178,0.3530881367623806,0.16096490435302258,0.5485790316015482,1.588868908584118
2.358395839110017,0.2530091442167759,0.35887002013623714,0.16758707351982594,0.5776640027761459,1.7159800045192242
2.380969002842903,0.2548028714954853,0.36084302701056004,0.17524207942187786,0.7116170600056648,1.7468479927629232
2.3597581312060356,0.2396642230451107,0.3358961548656225,0.13052811846137047,0.5288717802613974,1.1851540766656399
2.3731139954179525,0.25205686688423157,0.35651493817567825,0.16480195336043835,0.5511138588190079,1.6740108840167522
2.342937048524618,0.23663812316954136,0.3514760173857212,0.14424300752580166,0.4749998915940523,1.390974037349224
2.335603116080165,0.21363492123782635,0.3259880468249321,0.1286529004573822,0.32707001082599163,0.9229280985891819
2.4079601280391216,0.26621390134096146,0.36878790706396103,0.2112200018018484,0.610465882346034,1.9002379849553108
2.393854083493352,0.22568809799849987,0.335905933752656,0.1279730349779129,0.4064999520778656,1.1169661302119493
2.4908380582928658,0.2952089998871088,0.39874506182968616,0.25490298867225647,0.6488191429525614,2.5605789851397276
2.3919998202472925,0.22098910994827747,0.33086701296269894,0.12442609295248985,0.3944369964301586,1.1009450536221266
2.393512986600399,0.24420302361249924,0.3506038337945938,0.15043490566313267,0.49561914056539536,1.4514189679175615
2.352484967559576,0.23632682859897614,0.34518400207161903,0.14435290358960629,0.4746289923787117,1.3578019570559263
2.4296711198985577,0.26140501722693443,0.36652502603828907,0.1823948696255684,0.594395911321044,1.843912061303854
2.3198630660772324,0.21967594511806965,0.32891309820115566,0.11640996672213078,0.3821239806711674,1.031653955578804
2.358776982873678,0.2512361388653517,0.35721599124372005,0.16986182890832424,0.5652301479130983,1.6644720453768969
2.459949115291238,0.23587699979543686,0.3399727866053581,0.15012407675385475,0.4592400509864092,1.3354290276765823
2.38906592130661,0.21434598602354527,0.3336819354444742,0.1302170567214489,0.34330994822084904,0.9211050346493721
2.378003904595971,0.23599714040756226,0.34706806764006615,0.1443231012672186,0.45637390576303005,1.3194589409977198
2.4252929724752903,0.2937458921223879,0.38077100180089474,0.24987407959997654,0.6227600388228893,2.1971811074763536
2.3771808482706547,0.24340092204511166,0.34812907688319683,0.1569869928061962,0.4965199623256922,1.4424421824514866
2.4390490725636482,0.2597919665277004,0.36368798464536667,0.17887912690639496,0.5847178399562836,1.7919728998094797
2.3821010254323483,0.24923100136220455,0.35551399923861027,0.1637099776417017,0.5436600185930729,1.6356469132006168
2.3861990775913,0.2274711150676012,0.33439300023019314,0.12244214303791523,0.4182020202279091,1.0991219896823168
2.4036720860749483,0.2521681599318981,0.35705603659152985,0.1653130166232586,0.5620550364255905,1.6606550198048353
2.3898968938738108,0.25552394799888134,0.35677594132721424,0.17420900985598564,0.5512640345841646,1.6462979838252068
2.477882895618677,0.2736891619861126,0.37663313560187817,0.20883511751890182,0.619333004578948,2.0789068657904863
2.4044630117714405,0.24999398738145828,0.355683034285903,0.1683488953858614,0.5473669152706861,1.6435820143669844
2.3598901461809874,0.21867407485842705,0.344742089509964,0.14150794595479965,0.36943890154361725,1.000154996290803
2.3664420004934072,0.24435296654701233,0.35417103208601475,0.15827990137040615,0.4994759801775217,1.4920770190656185
2.4556699208915234,0.2398448996245861,0.34812907688319683,0.14994386583566666,0.49074902199208736,1.4244280755519867
2.4343200493603945,0.23112795315682888,0.3390421625226736,0.1366890501230955,0.44073397293686867,1.2450290378183126
2.4040229618549347,0.2610948868095875,0.3635580651462078,0.18654391169548035,0.5886740982532501,1.8227009568363428
2.3337900638580322,0.2138849813491106,0.3272700123488903,0.13890303671360016,0.36352802999317646,0.9844040032476187
2.3387300316244364,0.24824985302984715,0.3510848619043827,0.15882006846368313,0.49613905139267445,1.4724291395395994
2.3653998505324125,0.229384982958436,0.35454193130135536,0.1295860856771469,0.4074010066688061,1.1620698496699333
2.399433869868517,0.23418385535478592,0.3585291560739279,0.1445729285478592,0.4623360000550747,1.3614790514111519
2.391770016402006,0.22934400476515293,0.34262891858816147,0.13499613851308823,0.43930206447839737,1.2809562031179667
2.3611008655279875,0.21981587633490562,0.3309559542685747,0.11803396046161652,0.3831549547612667,1.0646057780832052
2.359658945351839,0.26863906532526016,0.38698292337358,0.20120106637477875,0.5960389971733093,2.0536789670586586
2.3416040930896997,0.21845404990017414,0.33086701296269894,0.13547716662287712,0.3557328600436449,0.9888128843158484
2.3629849310964346,0.22903410717844963,0.342588871717453,0.13771094381809235,0.4273389931768179,1.2572100386023521
2.3379679769277573,0.23443391546607018,0.3438808489590883,0.14282111078500748,0.4576859064400196,1.3482230715453625
2.3641379084438086,0.2326511312276125,0.34154695458710194,0.14003482647240162,0.45297807082533836,1.328054815530777
2.3618920240551233,0.21920586004853249,0.3319079987704754,0.1337828580290079,0.3867829218506813,1.0696060489863157
2.3900659289211035,0.22547715343534946,0.33733900636434555,0.13255118392407894,0.41860295459628105,1.2033300008624792
2.4227178655564785,0.27317809872329235,0.37629297003149986,0.21922611631453037,0.5873930640518665,2.071894006803632
2.365630120038986,0.26808795519173145,0.37082191556692123,0.20507792942225933,0.5817720666527748,1.9676259253174067
2.344239968806505,0.2286829985678196,0.33497484400868416,0.12696092016994953,0.41577708907425404,1.1587839107960463
2.3535878863185644,0.21769199520349503,0.3275698982179165,0.13807183131575584,0.36325794644653797,0.9989012032747269
2.3944240529090166,0.2754919696599245,0.38650212809443474,0.21089916117489338,0.5949570331722498,2.1534778643399477
2.4346509017050266,0.25856983847916126,0.3579480107873678,0.15941192395985126,0.5101060960441828,1.5753530897200108
2.3995861411094666,0.26863906532526016,0.37689413875341415,0.20530913025140762,0.6012488156557083,2.1095150150358677
2.351843984797597,0.21004793234169483,0.32498501241207123,0.1313688699156046,0.3412170335650444,0.9473438840359449
2.349989954382181,0.2329610288143158,0.3395630046725273,0.13869209215044975,0.4357758443802595,1.2772781774401665
2.4192810524255037,0.2605740446597338,0.3664339892566204,0.20141107961535454,0.573636032640934,1.85703719034791
2.394914859905839,0.2291640266776085,0.3426990006119013,0.1393440179526806,0.46862801536917686,1.3183068949729204
2.411345951259136,0.27372781187295914,0.3800399135798216,0.21528801880776882,0.5970310885459185,2.1503129974007607
2.374105853959918,0.2347240224480629,0.342498067766428,0.14164811000227928,0.4563939291983843,1.3291980139911175
2.3383579682558775,0.22702012211084366,0.3382200375199318,0.12959493324160576,0.4193240310996771,1.2350189499557018
2.4036129470914602,0.25516306050121784,0.36041298881173134,0.19411789253354073,0.5934941582381725,1.8239940982311964
2.3485480342060328,0.23319106549024582,0.34731789492070675,0.14122785069048405,0.44928002171218395,1.3189180754125118
2.4068180937319994,0.28604199178516865,0.3985748626291752,0.22909394465386868,0.6174999289214611,2.363976091146469
2.347666071727872,0.22099888883531094,0.3328800667077303,0.12349407188594341,0.40464592166244984,1.1172860395163298
2.312348922714591,0.21590921096503735,0.3294539637863636,0.1157890073955059,0.37874793633818626,1.0575831402093172
2.3440690711140633,0.23699901066720486,0.3429199568927288,0.1522779930382967,0.46135298907756805,1.341761089861393
2.406076993793249,0.2373990137130022,0.34268898889422417,0.13663899153470993,0.45110401697456837,1.3039589393883944
2.380387857556343,0.25745807215571404,0.3621161449700594,0.18857698887586594,0.5787659902125597,1.7676770221441984
2.367404056712985,0.2241050824522972,0.33379183150827885,0.12711086310446262,0.397522933781147,1.1172858066856861
2.33772792853415,0.22607902064919472,0.33579603768885136,0.12870412319898605,0.40904502384364605,1.181307015940547
2.4696369655430317,0.2560450229793787,0.36371895112097263,0.1759338192641735,0.572744058445096,1.8101579044014215
2.4325361009687185,0.23009604774415493,0.33888104371726513,0.13447413221001625,0.43813884258270264,1.2483641039580107
2.3801978677511215,0.2273500431329012,0.3352849744260311,0.12839306145906448,0.4270190838724375,1.1920379474759102
2.396328141912818,0.26323809288442135,0.3830050118267536,0.19302498549222946,0.5985130555927753,1.981913112103939
2.3515429347753525,0.22676889784634113,0.3379399422556162,0.1305870246142149,0.41803205385804176,1.1917268857359886
2.444810001179576,0.23273099213838577,0.34312903881073,0.1461768988519907,0.4676859825849533,1.3655060902237892
2.363487146794796,0.22011692635715008,0.3311270847916603,0.11972710490226746,0.3958300221711397,1.0715988464653492
2.353818854317069,0.21108007058501244,0.32290187664330006,0.13080798089504242,0.3404540475457907,0.922266161069274
2.3865499533712864,0.21675019524991512,0.32793101854622364,0.117813004180789,0.37682405672967434,1.022577052935958
2.3646980989724398,0.23646815679967403,0.3449029754847288,0.1432711724191904,0.46770600602030754,1.355085987597704
2.36585084348917,0.22627809084951878,0.3385511226952076,0.13633794151246548,0.43782894499599934,1.2593648862093687
2.3732250556349754,0.22571696899831295,0.3370789345353842,0.12569897808134556,0.4224299918860197,1.1571110226213932
2.33410089276731,0.21265284158289433,0.3222702071070671,0.12875394895672798,0.3404549788683653,0.9592468850314617
2.365740016102791,0.24532387033104897,0.34274905920028687,0.15402212738990784,0.462154857814312,1.348844962194562
2.3643369786441326,0.25349995121359825,0.3628781996667385,0.1723270397633314,0.569057883694768,1.6981260851025581
2.4208659306168556,0.2526689786463976,0.36301789805293083,0.17810799181461334,0.5619751755148172,1.6771559603512287
2.3618729319423437,0.21634995937347412,0.32579689286649227,0.1453850418329239,0.43709808960556984,0.9505299385637045
2.3282989859580994,0.2224310301244259,0.333630945533514,0.1333730760961771,0.5015600472688675,1.0990719310939312
2.356902929022908,0.24212896823883057,0.3476780839264393,0.1665349118411541,0.6221281364560127,1.487707020714879
2.344258828088641,0.2353161107748747,0.3451230004429817,0.14392193406820297,0.6104160565882921,1.3800039887428284
2.356923883780837,0.217461958527565,0.37047197110950947,0.1367188524454832,0.47332700341939926,0.9889218490570784
2.390597015619278,0.22221100516617298,0.332891009747982,0.12809294275939465,0.51847193390131,1.1410107836127281
2.3784039076417685,0.2556438557803631,0.3615249879658222,0.17746607773005962,0.7322770543396473,1.7720959149301052
2.372222952544689,0.2210990060120821,0.3317680675536394,0.12061791494488716,0.42792106978595257,1.0708279442042112
2.3672739043831825,0.231137964874506,0.33943308517336845,0.14588609337806702,0.42369216680526733,1.2234069872647524
2.3486679419875145,0.22282195277512074,0.33294083550572395,0.12486591003835201,0.391160836443305,1.0835821740329266
2.426896011456847,0.23843091912567616,0.35578408278524876,0.15062512829899788,0.47379801981151104,1.4288860838860273
2.365380059927702,0.2215299755334854,0.33286004327237606,0.12051803059875965,0.39886520244181156,1.0828908998519182
2.399174030870199,0.2586699556559324,0.3633890300989151,0.17861905507743359,0.571653014048934,1.7869938164949417
2.4809588212519884,0.2701419871300459,0.3674258477985859,0.18371804617345333,0.5723328795284033,1.82791193947196
2.4642369244247675,0.22743106819689274,0.33376202918589115,0.11968682520091534,0.3944169729948044,1.1163940653204918
2.4068281054496765,0.23560598492622375,0.34181796945631504,0.1411079429090023,0.4545401316136122,1.3429929967969656
2.369889058172703,0.21483702585101128,0.322581036016345,0.13297214172780514,0.34663593396544456,0.9307819418609142
2.4497900158166885,0.26466092094779015,0.36982097662985325,0.19821501336991787,0.5759410560131073,1.994115998968482
2.383593935519457,0.22570788860321045,0.3353250212967396,0.12936489656567574,0.4112080205231905,1.1856749188154936
2.3387691471725702,0.2190240193158388,0.3293328918516636,0.11821393854916096,0.3819230478256941,1.0291989892721176
2.3824619129300117,0.25889999233186245,0.36616320721805096,0.18104305490851402,0.575308920815587,1.8119311425834894
2.40152794867754,0.25055394507944584,0.36731502041220665,0.17314800061285496,0.5644289776682854,1.7366388346999884
2.4458421394228935,0.25592511519789696,0.3642300143837929,0.18198508769273758,0.5718129687011242,1.737950835376978
2.375178039073944,0.22889301180839539,0.3372090868651867,0.13358285650610924,0.4336610436439514,1.2249399442225695
2.3585681337863207,0.2252871636301279,0.3335720393806696,0.1250870991498232,0.4096347838640213,1.144999172538519
2.380920108407736,0.24795019999146461,0.353069044649601,0.1667661126703024,0.5260359030216932,1.5955520793795586
2.379416022449732,0.260333064943552,0.36471104249358177,0.18449989147484303,0.609684968367219,1.844092970713973
2.3866898845881224,0.22435514256358147,0.33857207745313644,0.13047689571976662,0.4618640523403883,1.2199310585856438
2.4272070731967688,0.24149706587195396,0.34540402702987194,0.1487818080931902,0.49336417578160763,1.4379729982465506
2.4046539328992367,0.27420883998274803,0.37041096948087215,0.19798497669398785,0.600005965679884,1.9835561979562044
2.384515944868326,0.262577086687088,0.3617850597947836,0.17179502174258232,0.5753501318395138,1.7264001071453094
2.346502849832177,0.2219201996922493,0.33166795037686825,0.12023793533444405,0.3944970667362213,1.0943319648504257
2.3673030082136393,0.21756207570433617,0.33327192068099976,0.11288397945463657,0.37211389280855656,1.0308020282536745
2.391258953139186,0.2122118603438139,0.3269289154559374,0.14171889051795006,0.33787009306252,0.9226370602846146
2.4113571271300316,0.2786279655992985,0.38451794534921646,0.22097816690802574,0.6161360070109367,2.25232494994998
2.365369815379381,0.23842090740799904,0.3469970542937517,0.1607341691851616,0.5006680730730295,1.4435939956456423
2.371370093896985,0.26632403023540974,0.3718440420925617,0.19867601804435253,0.6005370523780584,2.003754023462534
2.3993528448045254,0.21873414516448975,0.3286530263721943,0.11323508806526661,0.37058210000395775,1.0120270308107138
2.4095328990370035,0.25164615362882614,0.3578579053282738,0.1697419211268425,0.5538691766560078,1.6895299777388573
2.3478958755731583,0.22685900330543518,0.33417297527194023,0.1263099256902933,0.4083230160176754,1.146020833402872
2.3548691533505917,0.22023706696927547,0.32874196767807007,0.1390229444950819,0.3718440420925617,1.010493841022253
2.3841350339353085,0.21860399283468723,0.3294539637863636,0.12059812434017658,0.3810708876699209,1.0305920150130987
2.4088630452752113,0.2454039640724659,0.3532380796968937,0.16581406816840172,0.5211469251662493,1.5861531719565392
2.3930021561682224,0.24321116507053375,0.35577290691435337,0.14882185496389866,0.48620114102959633,1.4370819553732872
2.41467310115695,0.24350103922188282,0.351807102560997,0.15486311167478561,0.4898069892078638,1.4427429996430874
2.4328380823135376,0.24277996271848679,0.3512459807097912,0.16308901831507683,0.5029130261391401,1.5434231609106064
2.4012671783566475,0.24204794317483902,0.33898092806339264,0.135927926748991,0.43521495535969734,1.2505280319601297
2.3731940891593695,0.23534614592790604,0.34331995993852615,0.14231912791728973,0.4520360380411148,1.3366020284593105
2.39977496676147,0.25789905339479446,0.36244699731469154,0.1792190596461296,0.6521348841488361,1.752970041707158
2.3935330100357533,0.2273211721330881,0.3335620276629925,0.1263790763914585,0.5371479783207178,1.1629220098257065
2.3947558365762234,0.2532200887799263,0.3553731366991997,0.16593397594988346,0.5877329967916012,1.66977196931839
2.3767221719026566,0.2262790221720934,0.3335119690746069,0.1272109802812338,0.4185719881206751,1.1465810239315033
2.408721949905157,0.2576080150902271,0.3581380005925894,0.18761609680950642,0.5705300718545914,1.7501439433544874
2.3777529131621122,0.2274711150676012,0.33433292992413044,0.12765196152031422,0.4062890075147152,1.1580539867281914
2.361222170293331,0.22605806589126587,0.3320588730275631,0.12402492575347424,0.4008288960903883,1.13843590952456
2.4070690851658583,0.238852109760046,0.3728359006345272,0.140785938128829,0.46535092405974865,1.3681519776582718
2.4914781097322702,0.25455188006162643,0.38596102967858315,0.17127394676208496,0.5740269552916288,1.7305768560618162
2.3959269747138023,0.22387411445379257,0.3361259587109089,0.12323400005698204,0.39632106199860573,1.1069260071963072
2.476269844919443,0.3020919393748045,0.4081029910594225,0.272274948656559,0.737285939976573,2.6727518998086452
2.408422064036131,0.262316083535552,0.36553293466567993,0.1881360076367855,0.6231700535863638,1.8690999131649733
2.404432976618409,0.2390120644122362,0.3477178979665041,0.14930288307368755,0.49494788981974125,1.4133069198578596
2.3841948714107275,0.23988401517271996,0.3396628890186548,0.1323509495705366,0.4293229430913925,1.2243480887264013
2.423109021037817,0.23859203793108463,0.34247804433107376,0.13995496556162834,0.46362797729671,1.3114830944687128
2.5759991258382797,0.2283230423927307,0.3374391235411167,0.12832297943532467,0.4169598687440157,1.1691139079630375
2.513359999284148,0.24107703939080238,0.3461048472672701,0.14429306611418724,0.47765416093170643,1.4031471218913794
2.428669948130846,0.2154379617422819,0.32619782723486423,0.13294094242155552,0.3535801079124212,0.9302911348640919
2.5476650334894657,0.24075503461062908,0.3642600495368242,0.14815106987953186,0.4649600014090538,1.3407589867711067
2.442337106913328,0.22086803801357746,0.34170690923929214,0.12322282418608665,0.4037739709019661,1.089413883164525
2.534430008381605,0.2756319008767605,0.37900800816714764,0.2278920728713274,0.6350330077111721,2.1091450471431017
2.5241998955607414,0.22328202612698078,0.33210916444659233,0.11787400580942631,0.39107981137931347,1.079724868759513
2.454719040542841,0.26780692860484123,0.3742089029401541,0.20189187489449978,0.6012679077684879,1.9835969433188438
2.4502400774508715,0.2377200871706009,0.3420680295675993,0.14522485435009003,0.44893985614180565,1.290084095671773
2.407660009339452,0.27987011708319187,0.3808010369539261,0.21070917136967182,0.6238110363483429,2.1694989409297705
2.399272983893752,0.2412460744380951,0.34690694883465767,0.15725800767540932,0.48003881238400936,1.4149402268230915
2.362624043598771,0.24353107437491417,0.3494920674711466,0.16830884851515293,0.5046960432082415,1.5142769552767277
2.44928989559412,0.24938303977251053,0.35598408430814743,0.1812530681490898,0.5734360311180353,1.6200279351323843
2.3548000026494265,0.23560598492622375,0.34149596467614174,0.1406860537827015,0.46349805779755116,1.3019160833209753
2.3712501861155033,0.296630896627903,0.403745099902153,0.22627809084951878,0.632688170298934,2.415624912828207
2.4411031045019627,0.264330068603158,0.3780859988182783,0.19002007320523262,0.6037140265107155,1.9380799494683743
2.362883882597089,0.2192850224673748,0.33177807927131653,0.11436711065471172,0.3702309913933277,1.028608065098524
2.332557924091816,0.2266590017825365,0.3378298133611679,0.12472621165215969,0.41176890954375267,1.1515810620039701
2.340111183002591,0.2333219163119793,0.3430598881095648,0.13857195153832436,0.45536202378571033,1.3048620894551277
2.41677719168365,0.2872040495276451,0.3917019348591566,0.25891000404953957,0.633991090580821,2.382552018389106
2.391871064901352,0.27295714244246483,0.38008997216820717,0.20334497094154358,0.6280101370066404,2.069819951429963
2.373937051743269,0.22138003259897232,0.33067609183490276,0.11795386672019958,0.3891868982464075,1.0511709842830896
2.3020999506115913,0.2143261954188347,0.3254059702157974,0.13685901649296284,0.35480200313031673,0.9449988137930632
2.3621029686182737,0.23416406475007534,0.34410087391734123,0.14599598944187164,0.46535092405974865,1.3476430904120207
2.2940440103411674,0.22687995806336403,0.33825100399553776,0.13045803643763065,0.4201959818601608,1.205321867018938
2.351433038711548,0.24292012676596642,0.35963114351034164,0.15327101573348045,0.4951879382133484,1.4447460416704416
2.357324119657278,0.24938280694186687,0.3651620354503393,0.1663749571889639,0.58400584384799,1.7092779744416475
2.440632088109851,0.2982150763273239,0.40557817555963993,0.2651119139045477,0.761362025514245,2.671400085091591
2.3897970095276833,0.23588701151311398,0.34374091774225235,0.15258905477821827,0.4760720767080784,1.363391987979412
2.3308349773287773,0.22559682838618755,0.33774017356336117,0.13156002387404442,0.433220062404871,1.2105230707675219
2.364247106015682,0.24222908541560173,0.343881081789732,0.14296011067926884,0.46882801689207554,1.3376132119446993
2.3442101664841175,0.24197809398174286,0.34807901829481125,0.14916295185685158,0.4867918323725462,1.4254190027713776
2.354648895561695,0.21371501497924328,0.3254171460866928,0.1324010081589222,0.34996308386325836,0.9269551374018192
2.396118128672242,0.22833305411040783,0.33760000951588154,0.13687880709767342,0.4326889757066965,1.2197101023048162
2.353076124563813,0.21968595683574677,0.33156806603074074,0.12030708603560925,0.39547914639115334,1.0869379620999098
2.352394862100482,0.2122421283274889,0.3211579751223326,0.12803194113075733,0.33576600253582,0.9396790992468596
2.3633758537471294,0.23160898126661777,0.3585789818316698,0.13945391401648521,0.44612493366003036,1.2412408832460642
2.435683971270919,0.28837588615715504,0.4092850722372532,0.2343328669667244,0.6564429495483637,2.41308007389307
2.368265064433217,0.2120619174093008,0.3261368256062269,0.13694004155695438,0.3561340272426605,0.9563909843564034
2.3538670502603054,0.22375304251909256,0.29658200219273567,0.12310291640460491,0.39133080281317234,1.0843528434634209
2.35533993691206,0.2126030158251524,0.2668960951268673,0.15589501708745956,0.34791906364262104,0.9304319974035025
2.431144006550312,0.23606698960065842,0.28484989888966084,0.14782999642193317,0.4519859794527292,1.3409191742539406
2.35397694632411,0.24056597612798214,0.2891579642891884,0.15093502588570118,0.48555899411439896,1.4099609106779099
2.3112769704312086,0.23325206711888313,0.2848899457603693,0.1580091193318367,0.45707495883107185,1.339607173576951
2.316306112334132,0.2188039943575859,0.2743799705058336,0.12365402653813362,0.39103999733924866,1.050029182806611
2.331634983420372,0.23004505783319473,0.2829458098858595,0.13463501818478107,0.4618649836629629,1.2643050868064165
2.3288200609385967,0.23413309827446938,0.28304592706263065,0.13796216808259487,0.4534791223704815,1.3029270339757204
2.3667330387979746,0.271765049546957,0.3081830218434334,0.18889689818024635,0.5935840308666229,1.8465369939804077
2.4383689742535353,0.2833569888025522,0.33008516766130924,0.21881400607526302,0.6200138013809919,2.2674938663840294
2.3327679373323917,0.2219600137323141,0.2841691020876169,0.11838506907224655,0.38895709440112114,1.0614499915391207
2.3245320189744234,0.21899491548538208,0.2763031516224146,0.11571915820240974,0.3795279189944267,1.0356609709560871
2.366401022300124,0.23500504903495312,0.28337701223790646,0.13711978681385517,0.4565240815281868,1.330419909209013
2.3284198250621557,0.23075705394148827,0.2812519669532776,0.1342538744211197,0.43553486466407776,1.2651658616960049
2.381890779361129,0.24003395810723305,0.2904499415308237,0.1470879651606083,0.49260305240750313,1.4267419464886189
2.364629181101918,0.23166905157268047,0.28311600908637047,0.14039594680070877,0.474677886813879,1.322273863479495
2.3490791209042072,0.2188549842685461,0.27038203552365303,0.11618994176387787,0.37430902011692524,1.0200119577348232
